,Time,Home,H-event,Score,V-event,Visitor
0,Quarter 1,Quarter 1,Quarter 1,Quarter 1,Quarter 1,Quarter 1
1,09:50,Carleton,"LATIFF,WAZIR missed layup",0 - 0,,
2,09:50,,,0 - 0,"CULLEY-BREMNER,ARES defensive rebound",McMaster
3,09:34,,,0 - 0,"Turnover by OTCHERE,SEFA",McMaster
4,09:24,Carleton,"SHEPHARD,GRANT made jump shot",2 - 0,,
5,09:11,,,2 - 0,"DEMAGUS,MIKE missed jump shot",McMaster
6,09:11,Carleton,"SHEPHARD,GRANT defensive rebound",2 - 0,,
7,08:55,Carleton,"SHEPHARD,GRANT made jump shot",4 - 0,,
8,08:55,Carleton,"Assist by LATIFF,WAZIR",4 - 0,,
9,08:43,,,4 - 2,"PAULO,MYCHAEL made layup",McMaster
10,08:31,Carleton,"SERAPH,REGINALD JEAN missed 3-pt. jump shot",4 - 2,,
11,08:31,,,4 - 2,"PAULO,MYCHAEL defensive rebound",McMaster
12,08:18,,,4 - 2,"DEMAGUS,MIKE missed 3-pt. jump shot",McMaster
13,08:18,Carleton,"SHEPHARD,GRANT defensive rebound",4 - 2,,
14,08:07,Carleton,"SERAPH,REGINALD JEAN missed 3-pt. jump shot",4 - 2,,
15,08:07,,,4 - 2,"DEMAGUS,MIKE defensive rebound",McMaster
16,07:51,,,4 - 2,"DEMAGUS,MIKE missed layup",McMaster
17,07:51,Carleton,"SERAPH,REGINALD JEAN defensive rebound",4 - 2,,
18,07:45,Carleton,"LATIFF,WAZIR missed 3-pt. jump shot",4 - 2,,
19,07:45,,,4 - 2,TEAM deadball rebound,McMaster
20,07:28,Carleton,"SAMAHA,GABRAEL enters the game",4 - 2,,
21,07:28,Carleton,"BAILEY,ELLIOT enters the game",4 - 2,,
22,07:28,Carleton,"SHEPHARD,GRANT goes to the bench",4 - 2,,
23,07:28,Carleton,"VREEKEN,CONNOR goes to the bench",4 - 2,,
24,07:23,,,4 - 2,"Turnover by DEMAGUS,MIKE",McMaster
25,07:22,Carleton,"Steal by SERAPH,REGINALD JEAN",4 - 2,,
26,07:17,Carleton,"Turnover by SERAPH,REGINALD JEAN",4 - 2,,
27,07:16,,,4 - 2,"Steal by OTCHERE,SEFA",McMaster
28,07:11,,,4 - 4,"DEMAGUS,MIKE made layup",McMaster
29,07:11,,,4 - 4,"Assist by PAULO,MYCHAEL",McMaster
30,06:57,Carleton,"SERAPH,REGINALD JEAN missed 3-pt. jump shot",4 - 4,,
31,06:57,,,4 - 4,TEAM deadball rebound,McMaster
32,06:55,Carleton,"OKADO,MARJOK enters the game",4 - 4,,
33,06:55,Carleton,"SERAPH,REGINALD JEAN goes to the bench",4 - 4,,
34,06:39,Carleton,"Foul by SAMAHA,GABRAEL",4 - 4,,
35,06:39,,,4 - 4,"DEMAGUS,MIKE missed free throw",McMaster
36,06:39,,,4 - 4,TEAM deadball rebound,McMaster
37,06:39,,,4 - 5,"DEMAGUS,MIKE made free throw",McMaster
38,06:39,Carleton,"RILEY,BEN enters the game",4 - 5,,
39,06:39,Carleton,"LATIFF,WAZIR goes to the bench",4 - 5,,
40,06:22,Carleton,"Turnover by WARNHOLTZ,AIDEN",4 - 5,,
41,06:11,,,4 - 5,"PAULO,MYCHAEL missed jump shot",McMaster
42,06:11,Carleton,"SAMAHA,GABRAEL defensive rebound",4 - 5,,
43,06:09,Carleton,"Turnover by SAMAHA,GABRAEL",4 - 5,,
44,06:08,,,4 - 5,"Steal by CULLEY-BREMNER,ARES",McMaster
45,06:05,,,4 - 5,"CHARLES,NATHAN missed jump shot",McMaster
46,06:05,Carleton,"Block by SAMAHA,GABRAEL",4 - 5,,
47,06:05,,,4 - 5,TEAM deadball rebound,McMaster
48,06:00,,,4 - 7,"PAULO,MYCHAEL made jump shot",McMaster
49,05:49,,,4 - 7,"Foul by DEMAGUS,MIKE",McMaster
50,05:49,,,4 - 7,"LINDO,TRISTAN enters the game",McMaster
51,05:49,,,4 - 7,"DEMAGUS,MIKE goes to the bench",McMaster
52,05:49,Carleton,"VREEKEN,CONNOR enters the game",4 - 7,,
53,05:49,Carleton,"SHEPHARD,GRANT enters the game",4 - 7,,
54,05:49,Carleton,"BAILEY,ELLIOT goes to the bench",4 - 7,,
55,05:49,Carleton,"SAMAHA,GABRAEL goes to the bench",4 - 7,,
56,05:40,Carleton,"VREEKEN,CONNOR missed jump shot",4 - 7,,
57,05:40,,,4 - 7,"LINDO,TRISTAN defensive rebound",McMaster
58,05:28,,,4 - 7,"Turnover by CHARLES,NATHAN",McMaster
59,05:28,,,4 - 7,"MILLER,KHALIL enters the game",McMaster
60,05:28,,,4 - 7,"CULLEY-BREMNER,ARES goes to the bench",McMaster
61,05:28,Carleton,"LATIFF,WAZIR enters the game",4 - 7,,
62,05:28,Carleton,"WARNHOLTZ,AIDEN goes to the bench",4 - 7,,
63,05:17,Carleton,"LATIFF,WAZIR missed 3-pt. jump shot",4 - 7,,
64,05:17,Carleton,"SHEPHARD,GRANT offensive rebound",4 - 7,,
65,05:10,,,4 - 7,"Foul by CHARLES,NATHAN",McMaster
66,05:10,Carleton,"SHEPHARD,GRANT made free throw",5 - 7,,
67,05:10,Carleton,"SHEPHARD,GRANT missed free throw",5 - 7,,
68,05:10,,,5 - 7,"MILLER,KHALIL defensive rebound",McMaster
69,04:58,,,5 - 9,"MILLER,KHALIL made jump shot",McMaster
70,04:58,,,5 - 9,"Assist by LINDO,TRISTAN",McMaster
71,04:40,Carleton,"VREEKEN,CONNOR made layup",7 - 9,,
72,04:25,,,7 - 12,"PAULO,MYCHAEL made 3-pt. jump shot",McMaster
73,04:01,Carleton,"RILEY,BEN missed jump shot",7 - 12,,
74,04:01,,,7 - 12,"Block by PAULO,MYCHAEL",McMaster
75,04:01,,,7 - 12,"MILLER,KHALIL defensive rebound",McMaster
76,03:53,,,7 - 12,"LINDO,TRISTAN missed layup",McMaster
77,03:53,Carleton,"SHEPHARD,GRANT defensive rebound",7 - 12,,
78,03:49,,,7 - 12,"Foul by CHARLES,NATHAN",McMaster
79,03:49,Carleton,FULL TIMEOUT by Carleton,7 - 12,,
80,03:49,,,7 - 12,"DEMAGUS,MIKE enters the game",McMaster
81,03:49,,,7 - 12,"CHARLES,NATHAN goes to the bench",McMaster
82,03:49,Carleton,"BAILEY,ELLIOT enters the game",7 - 12,,
83,03:49,Carleton,"WARNHOLTZ,AIDEN enters the game",7 - 12,,
84,03:49,Carleton,"SERAPH,REGINALD JEAN enters the game",7 - 12,,
85,03:49,Carleton,"VREEKEN,CONNOR goes to the bench",7 - 12,,
86,03:49,Carleton,"RILEY,BEN goes to the bench",7 - 12,,
87,03:49,Carleton,"OKADO,MARJOK goes to the bench",7 - 12,,
88,03:46,Carleton,"Turnover by WARNHOLTZ,AIDEN",7 - 12,,
89,03:40,,,7 - 15,"LINDO,TRISTAN made 3-pt. jump shot",McMaster
90,03:40,,,7 - 15,"Assist by PAULO,MYCHAEL",McMaster
91,03:23,Carleton,"WARNHOLTZ,AIDEN missed jump shot",7 - 15,,
92,03:23,,,7 - 15,"Block by MILLER,KHALIL",McMaster
93,03:23,,,7 - 15,"PAULO,MYCHAEL defensive rebound",McMaster
94,03:18,,,7 - 17,"OTCHERE,SEFA made layup",McMaster
95,03:00,Carleton,"LATIFF,WAZIR missed jump shot",7 - 17,,
96,03:00,Carleton,"SERAPH,REGINALD JEAN offensive rebound",7 - 17,,
97,03:00,,,7 - 17,"Foul by MILLER,KHALIL",McMaster
98,03:00,Carleton,"SERAPH,REGINALD JEAN missed free throw",7 - 17,,
99,03:00,Carleton,TEAM deadball rebound,7 - 17,,
100,03:00,Carleton,"SERAPH,REGINALD JEAN made free throw",8 - 17,,
101,02:47,Carleton,"Foul by LATIFF,WAZIR",8 - 17,,
102,02:47,,,8 - 17,"DEMAGUS,MIKE missed free throw",McMaster
103,02:47,,,8 - 17,TEAM deadball rebound,McMaster
104,02:47,,,8 - 18,"DEMAGUS,MIKE made free throw",McMaster
105,02:25,Carleton,"SHEPHARD,GRANT made jump shot",10 - 18,,
106,02:25,Carleton,"Assist by BAILEY,ELLIOT",10 - 18,,
107,02:18,,,10 - 21,"PAULO,MYCHAEL made 3-pt. jump shot",McMaster
108,02:10,Carleton,"WARNHOLTZ,AIDEN made 3-pt. jump shot",13 - 21,,
109,01:48,,,13 - 21,"Turnover by LINDO,TRISTAN",McMaster
110,01:36,Carleton,"Turnover by SHEPHARD,GRANT",13 - 21,,
111,01:36,Carleton,"VREEKEN,CONNOR enters the game",13 - 21,,
112,01:36,Carleton,"SERAPH,REGINALD JEAN goes to the bench",13 - 21,,
113,01:19,,,13 - 21,"Turnover by OTCHERE,SEFA",McMaster
114,01:10,Carleton,"BAILEY,ELLIOT missed jump shot",13 - 21,,
115,01:10,,,13 - 21,"DEMAGUS,MIKE defensive rebound",McMaster
116,01:05,,,13 - 24,"PAULO,MYCHAEL made 3-pt. jump shot",McMaster
117,00:45,Carleton,"Turnover by SHEPHARD,GRANT",13 - 24,,
118,00:44,,,13 - 24,"Steal by DEMAGUS,MIKE",McMaster
119,00:41,,,13 - 26,"PAULO,MYCHAEL made layup",McMaster
120,00:10,Carleton,"WARNHOLTZ,AIDEN missed 3-pt. jump shot",13 - 26,,
121,00:10,,,13 - 26,"DEMAGUS,MIKE defensive rebound",McMaster
122,00:07,,,13 - 26,"DEMAGUS,MIKE missed 3-pt. jump shot",McMaster
123,00:07,Carleton,"SHEPHARD,GRANT defensive rebound",13 - 26,,
124,00:02,Carleton,"SHEPHARD,GRANT missed 3-pt. jump shot",13 - 26,,
125,00:02,,,13 - 26,TEAM deadball rebound,McMaster
126,Quarter 2,Quarter 2,Quarter 2,Quarter 2,Quarter 2,Quarter 2
127,10:00,,,13 - 26,"OSUNDE,EWAEN 'AY' enters the game",McMaster
128,10:00,,,13 - 26,"LINDO,TRISTAN enters the game",McMaster
129,10:00,,,13 - 26,"MILLER,KHALIL enters the game",McMaster
130,10:00,,,13 - 26,"PAULO,MYCHAEL goes to the bench",McMaster
131,10:00,,,13 - 26,"CHARLES,NATHAN goes to the bench",McMaster
132,10:00,,,13 - 26,"CULLEY-BREMNER,ARES goes to the bench",McMaster
133,09:52,Carleton,"WARNHOLTZ,AIDEN missed jump shot",13 - 26,,
134,09:52,Carleton,"SHEPHARD,GRANT offensive rebound",13 - 26,,
135,09:47,Carleton,"WARNHOLTZ,AIDEN made 3-pt. jump shot",16 - 26,,
136,09:47,Carleton,"Assist by SHEPHARD,GRANT",16 - 26,,
137,09:36,,,16 - 26,"Turnover by OSUNDE,EWAEN 'AY'",McMaster
138,09:16,Carleton,"SHEPHARD,GRANT missed jump shot",16 - 26,,
139,09:16,Carleton,"VREEKEN,CONNOR offensive rebound",16 - 26,,
140,09:07,Carleton,"Turnover by WARNHOLTZ,AIDEN",16 - 26,,
141,08:50,Carleton,"RILEY,BEN enters the game",16 - 26,,
142,08:50,Carleton,"SERAPH,REGINALD JEAN goes to the bench",16 - 26,,
143,08:45,,,16 - 26,"OSUNDE,EWAEN 'AY' missed jump shot",McMaster
144,08:45,Carleton,"SHEPHARD,GRANT defensive rebound",16 - 26,,
145,08:33,Carleton,"SHEPHARD,GRANT missed layup",16 - 26,,
146,08:33,,,16 - 26,"Block by MILLER,KHALIL",McMaster
147,08:33,,,16 - 26,"MILLER,KHALIL defensive rebound",McMaster
148,08:19,,,16 - 26,"CULLEY-BREMNER,ARES enters the game",McMaster
149,08:19,,,16 - 26,"MILLER,KHALIL goes to the bench",McMaster
150,08:19,Carleton,"SAMAHA,GABRAEL enters the game",16 - 26,,
151,08:19,Carleton,"SHEPHARD,GRANT goes to the bench",16 - 26,,
152,08:02,Carleton,"WARNHOLTZ,AIDEN made 3-pt. jump shot",19 - 26,,
153,08:02,Carleton,"Assist by RILEY,BEN",19 - 26,,
154,07:46,,,19 - 26,"CULLEY-BREMNER,ARES missed jump shot",McMaster
155,07:46,Carleton,"VREEKEN,CONNOR defensive rebound",19 - 26,,
156,07:38,Carleton,"RILEY,BEN missed 3-pt. jump shot",19 - 26,,
157,07:38,,,19 - 26,"OTCHERE,SEFA defensive rebound",McMaster
158,07:33,Carleton,"Foul by LATIFF,WAZIR",19 - 26,,
159,07:33,,,19 - 27,"OSUNDE,EWAEN 'AY' made free throw",McMaster
160,07:33,,,19 - 27,"PAULO,MYCHAEL enters the game",McMaster
161,07:33,,,19 - 27,"LINDO,TRISTAN goes to the bench",McMaster
162,07:23,Carleton,"OKADO,MARJOK enters the game",19 - 27,,
163,07:23,Carleton,"BAILEY,ELLIOT enters the game",19 - 27,,
164,07:23,Carleton,"VREEKEN,CONNOR goes to the bench",19 - 27,,
165,07:23,Carleton,"LATIFF,WAZIR goes to the bench",19 - 27,,
166,07:19,,,19 - 28,"OSUNDE,EWAEN 'AY' made free throw",McMaster
167,07:05,Carleton,"BAILEY,ELLIOT made 3-pt. jump shot",22 - 28,,
168,07:05,Carleton,"Assist by WARNHOLTZ,AIDEN",22 - 28,,
169,06:59,,,22 - 28,"OSUNDE,EWAEN 'AY' missed 3-pt. jump shot",McMaster
170,06:59,Carleton,"WARNHOLTZ,AIDEN defensive rebound",22 - 28,,
171,06:54,Carleton,"WARNHOLTZ,AIDEN missed layup",22 - 28,,
172,06:54,,,22 - 28,"Block by PAULO,MYCHAEL",McMaster
173,06:54,,,22 - 28,"PAULO,MYCHAEL defensive rebound",McMaster
174,06:47,,,22 - 28,"Foul by CULLEY-BREMNER,ARES",McMaster
175,06:47,,,22 - 28,"MILLER,KHALIL enters the game",McMaster
176,06:47,,,22 - 28,"CULLEY-BREMNER,ARES goes to the bench",McMaster
177,06:40,Carleton,"WARNHOLTZ,AIDEN missed jump shot",22 - 28,,
178,06:40,,,22 - 28,TEAM deadball rebound,McMaster
179,06:38,Carleton,"Foul by BAILEY,ELLIOT",22 - 28,,
180,06:14,Carleton,"Foul by SAMAHA,GABRAEL",22 - 28,,
181,06:14,,,22 - 28,"MILLER,KHALIL missed free throw",McMaster
182,06:14,,,22 - 28,TEAM deadball rebound,McMaster
183,06:14,,,22 - 29,"MILLER,KHALIL made free throw",McMaster
184,06:14,,,22 - 29,FULL TIMEOUT by McMaster,McMaster
185,06:14,,,22 - 29,"LINDO,TRISTAN enters the game",McMaster
186,06:14,,,22 - 29,"CHARLES,NATHAN enters the game",McMaster
187,06:14,,,22 - 29,"CHARLES,NATHAN goes to the bench",McMaster
188,06:14,,,22 - 29,"OTCHERE,SEFA goes to the bench",McMaster
189,06:14,Carleton,"VREEKEN,CONNOR enters the game",22 - 29,,
190,06:14,Carleton,"SHEPHARD,GRANT enters the game",22 - 29,,
191,06:14,Carleton,"BAILEY,ELLIOT goes to the bench",22 - 29,,
192,06:14,Carleton,"SAMAHA,GABRAEL goes to the bench",22 - 29,,
193,06:01,Carleton,"OKADO,MARJOK made 3-pt. jump shot",25 - 29,,
194,06:01,Carleton,"Assist by WARNHOLTZ,AIDEN",25 - 29,,
195,05:45,,,25 - 29,"Foul by LINDO,TRISTAN",McMaster
196,05:33,Carleton,"Foul by SHEPHARD,GRANT",25 - 29,,
197,05:18,Carleton,"Foul by RILEY,BEN",25 - 29,,
198,05:18,,,25 - 30,"DEMAGUS,MIKE made free throw",McMaster
199,05:18,,,25 - 31,"DEMAGUS,MIKE made free throw",McMaster
200,04:58,Carleton,"OKADO,MARJOK missed 3-pt. jump shot",25 - 31,,
201,04:58,Carleton,"OKADO,MARJOK offensive rebound",25 - 31,,
202,04:51,Carleton,"OKADO,MARJOK missed jump shot",25 - 31,,
203,04:51,,,25 - 31,"LINDO,TRISTAN defensive rebound",McMaster
204,04:33,,,25 - 31,"PAULO,MYCHAEL missed layup",McMaster
205,04:33,,,25 - 31,"CHARLES,NATHAN offensive rebound",McMaster
206,04:29,,,25 - 33,"CHARLES,NATHAN made jump shot",McMaster
207,04:22,Carleton,"OKADO,MARJOK missed jump shot",25 - 33,,
208,04:22,Carleton,"OKADO,MARJOK offensive rebound",25 - 33,,
209,04:16,,,25 - 33,"Foul by CHARLES,NATHAN",McMaster
210,04:16,,,25 - 33,"CHARLES,NATHAN enters the game",McMaster
211,04:16,,,25 - 33,"OSUNDE,EWAEN 'AY' goes to the bench",McMaster
212,04:16,Carleton,"BAILEY,ELLIOT enters the game",25 - 33,,
213,04:16,Carleton,"VREEKEN,CONNOR goes to the bench",25 - 33,,
214,04:13,Carleton,"SHEPHARD,GRANT missed free throw",25 - 33,,
215,04:13,Carleton,TEAM deadball rebound,25 - 33,,
216,04:07,,,25 - 33,"MILLER,KHALIL defensive rebound",McMaster
217,04:01,,,25 - 33,"DEMAGUS,MIKE missed 3-pt. jump shot",McMaster
218,04:01,Carleton,"SHEPHARD,GRANT defensive rebound",25 - 33,,
219,03:48,Carleton,"WARNHOLTZ,AIDEN made jump shot",27 - 33,,
220,03:19,Carleton,"SHEPHARD,GRANT made free throw",28 - 33,,
221,03:14,,,28 - 33,"MILLER,KHALIL missed layup",McMaster
222,03:14,Carleton,"SHEPHARD,GRANT defensive rebound",28 - 33,,
223,03:11,Carleton,"RILEY,BEN missed 3-pt. jump shot",28 - 33,,
224,03:11,Carleton,"RILEY,BEN offensive rebound",28 - 33,,
225,03:08,Carleton,"RILEY,BEN missed layup",28 - 33,,
226,03:08,,,28 - 33,"CHARLES,NATHAN defensive rebound",McMaster
227,03:05,,,28 - 35,"CHARLES,NATHAN made layup",McMaster
228,03:05,Carleton,"Foul by BAILEY,ELLIOT",28 - 35,,
229,03:05,,,28 - 35,"CHARLES,NATHAN missed free throw",McMaster
230,03:05,Carleton,"SHEPHARD,GRANT defensive rebound",28 - 35,,
231,03:05,Carleton,"VREEKEN,CONNOR enters the game",28 - 35,,
232,03:05,Carleton,"KNIGHT,JACOB enters the game",28 - 35,,
233,03:05,Carleton,"RILEY,BEN goes to the bench",28 - 35,,
234,03:05,Carleton,"OKADO,MARJOK goes to the bench",28 - 35,,
235,03:04,Carleton,"Turnover by SHEPHARD,GRANT",28 - 35,,
236,03:04,Carleton,FULL TIMEOUT by Carleton,28 - 35,,
237,03:04,,,28 - 35,"OTCHERE,SEFA enters the game",McMaster
238,03:04,,,28 - 35,"CHARLES,NATHAN goes to the bench",McMaster
239,03:04,Carleton,"SAMAHA,GABRAEL enters the game",28 - 35,,
240,03:04,Carleton,"SHEPHARD,GRANT goes to the bench",28 - 35,,
241,02:53,,,28 - 35,"MILLER,KHALIL missed 3-pt. jump shot",McMaster
242,02:53,Carleton,"WARNHOLTZ,AIDEN defensive rebound",28 - 35,,
243,02:42,Carleton,"WARNHOLTZ,AIDEN made 3-pt. jump shot",31 - 35,,
244,02:29,,,31 - 37,"PAULO,MYCHAEL made layup",McMaster
245,02:29,Carleton,"Foul by SAMAHA,GABRAEL",31 - 37,,
246,02:29,,,31 - 38,"PAULO,MYCHAEL made free throw",McMaster
247,02:29,Carleton,"SHEPHARD,GRANT enters the game",31 - 38,,
248,02:29,Carleton,"SAMAHA,GABRAEL goes to the bench",31 - 38,,
249,02:06,Carleton,"SHEPHARD,GRANT made jump shot",33 - 38,,
250,01:55,,,33 - 40,"LINDO,TRISTAN made layup",McMaster
251,01:39,Carleton,"WARNHOLTZ,AIDEN made jump shot",35 - 40,,
252,01:18,,,35 - 40,"MILLER,KHALIL missed jump shot",McMaster
253,01:18,Carleton,"SHEPHARD,GRANT defensive rebound",35 - 40,,
254,01:11,Carleton,"KNIGHT,JACOB made jump shot",37 - 40,,
255,01:11,Carleton,"Assist by WARNHOLTZ,AIDEN",37 - 40,,
256,01:09,,,37 - 40,FULL TIMEOUT by McMaster,McMaster
257,00:36,,,37 - 40,"Turnover by PAULO,MYCHAEL",McMaster
258,00:36,,,37 - 40,"CULLEY-BREMNER,ARES enters the game",McMaster
259,00:36,,,37 - 40,"MILLER,KHALIL goes to the bench",McMaster
260,00:24,,,37 - 40,"Foul by CULLEY-BREMNER,ARES",McMaster
261,00:17,Carleton,"Turnover by KNIGHT,JACOB",37 - 40,,
262,00:00,Carleton,"Foul by BAILEY,ELLIOT",37 - 40,,
263,00:00,,,37 - 41,"LINDO,TRISTAN made free throw",McMaster
264,00:00,,,37 - 42,"LINDO,TRISTAN made free throw",McMaster
265,00:00,,,37 - 43,"LINDO,TRISTAN made free throw",McMaster
266,Quarter 3,Quarter 3,Quarter 3,Quarter 3,Quarter 3,Quarter 3
267,09:48,,,37 - 43,"Foul by CULLEY-BREMNER,ARES",McMaster
268,09:37,Carleton,"SERAPH,REGINALD JEAN missed 3-pt. jump shot",37 - 43,,
269,09:37,Carleton,"SHEPHARD,GRANT offensive rebound",37 - 43,,
270,09:27,Carleton,"WARNHOLTZ,AIDEN made jump shot",39 - 43,,
271,09:07,,,39 - 43,"MILLER,KHALIL enters the game",McMaster
272,09:07,,,39 - 43,"CULLEY-BREMNER,ARES goes to the bench",McMaster
273,09:02,,,39 - 46,"PAULO,MYCHAEL made 3-pt. jump shot",McMaster
274,08:47,Carleton,"VREEKEN,CONNOR made 3-pt. jump shot",42 - 46,,
275,08:47,Carleton,"Assist by WARNHOLTZ,AIDEN",42 - 46,,
276,08:29,,,42 - 49,"MILLER,KHALIL made 3-pt. jump shot",McMaster
277,08:29,,,42 - 49,"Assist by PAULO,MYCHAEL",McMaster
278,08:13,Carleton,"SERAPH,REGINALD JEAN missed 3-pt. jump shot",42 - 49,,
279,08:13,,,42 - 49,"PAULO,MYCHAEL defensive rebound",McMaster
280,08:06,,,42 - 49,"Foul by OTCHERE,SEFA",McMaster
281,07:52,Carleton,"VREEKEN,CONNOR missed 3-pt. jump shot",42 - 49,,
282,07:52,Carleton,"SHEPHARD,GRANT offensive rebound",42 - 49,,
283,07:48,Carleton,"Turnover by VREEKEN,CONNOR",42 - 49,,
284,07:28,,,42 - 49,"DEMAGUS,MIKE missed jump shot",McMaster
285,07:28,Carleton,"SHEPHARD,GRANT defensive rebound",42 - 49,,
286,07:16,Carleton,"SHEPHARD,GRANT missed jump shot",42 - 49,,
287,07:16,Carleton,"SHEPHARD,GRANT offensive rebound",42 - 49,,
288,07:12,Carleton,"SHEPHARD,GRANT missed jump shot",42 - 49,,
289,07:12,,,42 - 49,"OTCHERE,SEFA defensive rebound",McMaster
290,07:02,,,42 - 51,"DEMAGUS,MIKE made dunk",McMaster
291,06:48,Carleton,"WARNHOLTZ,AIDEN missed jump shot",42 - 51,,
292,06:48,,,42 - 51,"OTCHERE,SEFA defensive rebound",McMaster
293,06:32,,,42 - 53,"DEMAGUS,MIKE made layup",McMaster
294,06:26,Carleton,FULL TIMEOUT by Carleton,42 - 53,,
295,06:26,Carleton,"RILEY,BEN enters the game",42 - 53,,
296,06:26,Carleton,"KNIGHT,JACOB enters the game",42 - 53,,
297,06:26,Carleton,"SAMAHA,GABRAEL enters the game",42 - 53,,
298,06:26,Carleton,"SERAPH,REGINALD JEAN goes to the bench",42 - 53,,
299,06:26,Carleton,"LATIFF,WAZIR goes to the bench",42 - 53,,
300,06:26,Carleton,"SHEPHARD,GRANT goes to the bench",42 - 53,,
301,06:16,Carleton,"Turnover by SAMAHA,GABRAEL",42 - 53,,
302,06:02,Carleton,"BAILEY,ELLIOT enters the game",42 - 53,,
303,06:02,Carleton,"KNIGHT,JACOB goes to the bench",42 - 53,,
304,05:56,,,42 - 53,"DEMAGUS,MIKE missed 3-pt. jump shot",McMaster
305,05:56,Carleton,"RILEY,BEN defensive rebound",42 - 53,,
306,05:51,Carleton,"Foul by RILEY,BEN",42 - 53,,
307,05:37,,,42 - 53,"Turnover by DEMAGUS,MIKE",McMaster
308,05:28,Carleton,"VREEKEN,CONNOR missed 3-pt. jump shot",42 - 53,,
309,05:28,Carleton,"SAMAHA,GABRAEL offensive rebound",42 - 53,,
310,05:20,Carleton,"Foul by BAILEY,ELLIOT",42 - 53,,
311,05:20,Carleton,"LATIFF,WAZIR enters the game",42 - 53,,
312,05:20,Carleton,"BAILEY,ELLIOT goes to the bench",42 - 53,,
313,05:16,,,42 - 53,"Turnover by PAULO,MYCHAEL",McMaster
314,05:15,Carleton,"Steal by SAMAHA,GABRAEL",42 - 53,,
315,05:07,Carleton,"Turnover by RILEY,BEN",42 - 53,,
316,05:05,Carleton,"Foul by WARNHOLTZ,AIDEN",42 - 53,,
317,05:05,Carleton,"OKADO,MARJOK enters the game",42 - 53,,
318,05:05,Carleton,"RILEY,BEN goes to the bench",42 - 53,,
319,04:54,,,42 - 53,"DEMAGUS,MIKE missed layup",McMaster
320,04:54,Carleton,"SAMAHA,GABRAEL defensive rebound",42 - 53,,
321,04:42,Carleton,"WARNHOLTZ,AIDEN missed 3-pt. jump shot",42 - 53,,
322,04:42,Carleton,"VREEKEN,CONNOR offensive rebound",42 - 53,,
323,04:39,Carleton,"VREEKEN,CONNOR made jump shot",44 - 53,,
324,04:22,Carleton,"Foul by SAMAHA,GABRAEL",44 - 53,,
325,04:22,,,44 - 54,"DEMAGUS,MIKE made free throw",McMaster
326,04:22,,,44 - 54,"DEMAGUS,MIKE missed free throw",McMaster
327,04:22,Carleton,"VREEKEN,CONNOR defensive rebound",44 - 54,,
328,04:22,,,44 - 54,"LINDO,TRISTAN enters the game",McMaster
329,04:22,,,44 - 54,"OTCHERE,SEFA goes to the bench",McMaster
330,04:22,Carleton,"MEYER,EVAN enters the game",44 - 54,,
331,04:22,Carleton,"SAMAHA,GABRAEL goes to the bench",44 - 54,,
332,04:15,Carleton,"WARNHOLTZ,AIDEN made jump shot",46 - 54,,
333,03:55,,,46 - 56,"MILLER,KHALIL made layup",McMaster
334,03:41,Carleton,"Turnover by MEYER,EVAN",46 - 56,,
335,03:41,Carleton,"BRATICEVIC,MARKO enters the game",46 - 56,,
336,03:41,Carleton,"SHEPHARD,GRANT enters the game",46 - 56,,
337,03:41,Carleton,"VREEKEN,CONNOR goes to the bench",46 - 56,,
338,03:41,Carleton,"MEYER,EVAN goes to the bench",46 - 56,,
339,03:27,,,46 - 56,"CHARLES,NATHAN missed jump shot",McMaster
340,03:27,,,46 - 56,"MILLER,KHALIL offensive rebound",McMaster
341,03:25,,,46 - 56,"MILLER,KHALIL missed jump shot",McMaster
342,03:25,,,46 - 56,TEAM deadball rebound,McMaster
343,03:14,Carleton,"Foul by OKADO,MARJOK",46 - 56,,
344,03:14,,,46 - 56,"DEMAGUS,MIKE missed free throw",McMaster
345,03:14,,,46 - 56,TEAM deadball rebound,McMaster
346,03:14,,,46 - 57,"DEMAGUS,MIKE made free throw",McMaster
347,03:14,Carleton,"VREEKEN,CONNOR enters the game",46 - 57,,
348,03:14,Carleton,"SERAPH,REGINALD JEAN enters the game",46 - 57,,
349,03:14,Carleton,"BRATICEVIC,MARKO goes to the bench",46 - 57,,
350,03:14,Carleton,"OKADO,MARJOK goes to the bench",46 - 57,,
351,02:53,Carleton,"WARNHOLTZ,AIDEN made 3-pt. jump shot",49 - 57,,
352,02:53,Carleton,"Assist by LATIFF,WAZIR",49 - 57,,
353,02:30,,,49 - 57,"DEMAGUS,MIKE missed jump shot",McMaster
354,02:30,,,49 - 57,"DEMAGUS,MIKE offensive rebound",McMaster
355,02:28,,,49 - 59,"DEMAGUS,MIKE made jump shot",McMaster
356,02:15,Carleton,"WARNHOLTZ,AIDEN missed layup",49 - 59,,
357,02:15,,,49 - 59,"LINDO,TRISTAN defensive rebound",McMaster
358,02:08,,,49 - 61,"PAULO,MYCHAEL made layup",McMaster
359,02:08,,,49 - 61,"Assist by LINDO,TRISTAN",McMaster
360,01:54,Carleton,"SHEPHARD,GRANT made layup",51 - 61,,
361,01:54,Carleton,"Assist by LATIFF,WAZIR",51 - 61,,
362,01:36,,,51 - 61,"CHARLES,NATHAN missed jump shot",McMaster
363,01:36,Carleton,"Block by SHEPHARD,GRANT",51 - 61,,
364,01:36,Carleton,TEAM deadball rebound,51 - 61,,
365,01:32,,,51 - 61,"Foul by LINDO,TRISTAN",McMaster
366,01:32,,,51 - 61,"CULLEY-BREMNER,ARES enters the game",McMaster
367,01:32,,,51 - 61,"OTCHERE,SEFA enters the game",McMaster
368,01:32,,,51 - 61,"CHARLES,NATHAN goes to the bench",McMaster
369,01:32,,,51 - 61,"MILLER,KHALIL goes to the bench",McMaster
370,01:32,Carleton,"RILEY,BEN enters the game",51 - 61,,
371,01:32,Carleton,"SERAPH,REGINALD JEAN goes to the bench",51 - 61,,
372,01:22,Carleton,"LATIFF,WAZIR made 3-pt. jump shot",54 - 61,,
373,01:22,Carleton,"Assist by RILEY,BEN",54 - 61,,
374,01:01,,,54 - 61,"CULLEY-BREMNER,ARES missed layup",McMaster
375,01:01,Carleton,"SHEPHARD,GRANT defensive rebound",54 - 61,,
376,00:55,Carleton,"LATIFF,WAZIR missed 3-pt. jump shot",54 - 61,,
377,00:55,,,54 - 61,"CULLEY-BREMNER,ARES defensive rebound",McMaster
378,00:37,,,54 - 61,"DEMAGUS,MIKE missed layup",McMaster
379,00:37,,,54 - 61,"LINDO,TRISTAN offensive rebound",McMaster
380,00:34,,,54 - 63,"LINDO,TRISTAN made jump shot",McMaster
381,00:09,Carleton,"WARNHOLTZ,AIDEN made jump shot",56 - 63,,
382,00:01,,,56 - 63,"PAULO,MYCHAEL missed 3-pt. jump shot",McMaster
383,00:01,Carleton,TEAM deadball rebound,56 - 63,,
384,Quarter 4,Quarter 4,Quarter 4,Quarter 4,Quarter 4,Quarter 4
385,10:00,,,56 - 63,"LINDO,TRISTAN enters the game",McMaster
386,10:00,,,56 - 63,"CHARLES,NATHAN goes to the bench",McMaster
387,10:00,Carleton,"RILEY,BEN enters the game",56 - 63,,
388,10:00,Carleton,"BAILEY,ELLIOT enters the game",56 - 63,,
389,10:00,Carleton,"VREEKEN,CONNOR goes to the bench",56 - 63,,
390,10:00,Carleton,"SERAPH,REGINALD JEAN goes to the bench",56 - 63,,
391,09:48,,,56 - 63,"PAULO,MYCHAEL missed 3-pt. jump shot",McMaster
392,09:48,Carleton,"SHEPHARD,GRANT defensive rebound",56 - 63,,
393,09:35,Carleton,"Turnover by SHEPHARD,GRANT",56 - 63,,
394,09:25,,,56 - 63,"Foul by CULLEY-BREMNER,ARES",McMaster
395,09:12,Carleton,"WARNHOLTZ,AIDEN made jump shot",58 - 63,,
396,09:12,,,58 - 63,"Foul by DEMAGUS,MIKE",McMaster
397,09:12,Carleton,"WARNHOLTZ,AIDEN made free throw",59 - 63,,
398,08:59,,,59 - 63,"CULLEY-BREMNER,ARES missed jump shot",McMaster
399,08:59,Carleton,"SHEPHARD,GRANT defensive rebound",59 - 63,,
400,08:46,Carleton,"Foul by WARNHOLTZ,AIDEN",59 - 63,,
401,08:46,,,59 - 63,"MILLER,KHALIL enters the game",McMaster
402,08:46,,,59 - 63,"CULLEY-BREMNER,ARES goes to the bench",McMaster
403,08:28,,,59 - 63,"DEMAGUS,MIKE missed jump shot",McMaster
404,08:28,Carleton,"Block by RILEY,BEN",59 - 63,,
405,08:28,,,59 - 63,"DEMAGUS,MIKE offensive rebound",McMaster
406,08:24,,,59 - 63,"MILLER,KHALIL missed 3-pt. jump shot",McMaster
407,08:24,Carleton,"BAILEY,ELLIOT defensive rebound",59 - 63,,
408,08:18,Carleton,"LATIFF,WAZIR made 3-pt. jump shot",62 - 63,,
409,08:18,Carleton,"Assist by WARNHOLTZ,AIDEN",62 - 63,,
410,07:57,Carleton,"Foul by SHEPHARD,GRANT",62 - 63,,
411,07:57,,,62 - 63,"DEMAGUS,MIKE missed free throw",McMaster
412,07:57,,,62 - 63,TEAM deadball rebound,McMaster
413,07:57,,,62 - 63,"DEMAGUS,MIKE missed free throw",McMaster
414,07:57,Carleton,"BAILEY,ELLIOT defensive rebound",62 - 63,,
415,07:49,Carleton,"Turnover by RILEY,BEN",62 - 63,,
416,07:49,Carleton,"VREEKEN,CONNOR enters the game",62 - 63,,
417,07:49,Carleton,"RILEY,BEN goes to the bench",62 - 63,,
418,07:39,,,62 - 63,"Foul by MILLER,KHALIL",McMaster
419,07:28,Carleton,"BAILEY,ELLIOT made 3-pt. jump shot",65 - 63,,
420,07:28,Carleton,"Assist by WARNHOLTZ,AIDEN",65 - 63,,
421,07:12,,,65 - 63,"PAULO,MYCHAEL missed 3-pt. jump shot",McMaster
422,07:12,,,65 - 63,"OTCHERE,SEFA offensive rebound",McMaster
423,07:09,,,65 - 63,"OTCHERE,SEFA missed jump shot",McMaster
424,07:09,Carleton,"BAILEY,ELLIOT defensive rebound",65 - 63,,
425,07:05,Carleton,"Turnover by BAILEY,ELLIOT",65 - 63,,
426,07:04,,,65 - 63,"Steal by PAULO,MYCHAEL",McMaster
427,07:02,,,65 - 65,"PAULO,MYCHAEL made layup",McMaster
428,06:49,Carleton,"BAILEY,ELLIOT made 3-pt. jump shot",68 - 65,,
429,06:49,Carleton,"Assist by WARNHOLTZ,AIDEN",68 - 65,,
430,06:44,,,68 - 65,FULL TIMEOUT by McMaster,McMaster
431,06:26,,,68 - 65,"PAULO,MYCHAEL missed jump shot",McMaster
432,06:26,Carleton,TEAM deadball rebound,68 - 65,,
433,06:12,Carleton,"SHEPHARD,GRANT missed jump shot",68 - 65,,
434,06:12,,,68 - 65,"LINDO,TRISTAN defensive rebound",McMaster
435,05:48,,,68 - 65,"DEMAGUS,MIKE missed jump shot",McMaster
436,05:48,Carleton,"VREEKEN,CONNOR defensive rebound",68 - 65,,
437,05:36,Carleton,"VREEKEN,CONNOR missed layup",68 - 65,,
438,05:36,Carleton,"SHEPHARD,GRANT offensive rebound",68 - 65,,
439,05:34,Carleton,"SHEPHARD,GRANT missed jump shot",68 - 65,,
440,05:34,Carleton,"VREEKEN,CONNOR offensive rebound",68 - 65,,
441,05:27,Carleton,"Turnover by WARNHOLTZ,AIDEN",68 - 65,,
442,05:05,,,68 - 65,"PAULO,MYCHAEL missed layup",McMaster
443,05:05,Carleton,"SHEPHARD,GRANT defensive rebound",68 - 65,,
444,04:57,Carleton,"VREEKEN,CONNOR made jump shot",70 - 65,,
445,04:57,Carleton,"Assist by LATIFF,WAZIR",70 - 65,,
446,04:40,,,70 - 65,"Foul by PAULO,MYCHAEL",McMaster
447,04:33,Carleton,"Foul by WARNHOLTZ,AIDEN",70 - 65,,
448,04:33,,,70 - 65,"CHARLES,NATHAN enters the game",McMaster
449,04:33,,,70 - 65,"LINDO,TRISTAN goes to the bench",McMaster
450,04:33,Carleton,"SERAPH,REGINALD JEAN enters the game",70 - 65,,
451,04:33,Carleton,"VREEKEN,CONNOR goes to the bench",70 - 65,,
452,04:26,,,70 - 65,"DEMAGUS,MIKE missed layup",McMaster
453,04:26,Carleton,"WARNHOLTZ,AIDEN defensive rebound",70 - 65,,
454,04:03,Carleton,"BAILEY,ELLIOT missed jump shot",70 - 65,,
455,04:03,,,70 - 65,"MILLER,KHALIL defensive rebound",McMaster
456,03:47,,,70 - 65,"MILLER,KHALIL missed 3-pt. jump shot",McMaster
457,03:47,Carleton,"BAILEY,ELLIOT defensive rebound",70 - 65,,
458,03:35,Carleton,"SERAPH,REGINALD JEAN made 3-pt. jump shot",73 - 65,,
459,03:35,Carleton,"Assist by WARNHOLTZ,AIDEN",73 - 65,,
460,03:05,,,73 - 65,"PAULO,MYCHAEL missed 3-pt. jump shot",McMaster
461,03:05,Carleton,"BAILEY,ELLIOT defensive rebound",73 - 65,,
462,02:47,Carleton,"SHEPHARD,GRANT made dunk",75 - 65,,
463,02:47,Carleton,"Assist by LATIFF,WAZIR",75 - 65,,
464,02:43,,,75 - 65,FULL TIMEOUT by McMaster,McMaster
465,02:43,Carleton,"VREEKEN,CONNOR enters the game",75 - 65,,
466,02:43,Carleton,"SERAPH,REGINALD JEAN goes to the bench",75 - 65,,
467,02:26,,,75 - 65,"Turnover by PAULO,MYCHAEL",McMaster
468,02:07,Carleton,"BAILEY,ELLIOT missed 3-pt. jump shot",75 - 65,,
469,02:07,Carleton,"LATIFF,WAZIR offensive rebound",75 - 65,,
470,02:04,,,75 - 65,"Foul by OTCHERE,SEFA",McMaster
471,02:04,Carleton,"LATIFF,WAZIR missed free throw",75 - 65,,
472,02:04,Carleton,TEAM deadball rebound,75 - 65,,
473,02:04,Carleton,"LATIFF,WAZIR made free throw",76 - 65,,
474,01:49,Carleton,"Foul by BAILEY,ELLIOT",76 - 65,,
475,01:49,Carleton,"SERAPH,REGINALD JEAN enters the game",76 - 65,,
476,01:49,Carleton,"BAILEY,ELLIOT goes to the bench",76 - 65,,
477,01:37,,,76 - 65,"OTCHERE,SEFA missed 3-pt. jump shot",McMaster
478,01:37,,,76 - 65,"MILLER,KHALIL offensive rebound",McMaster
479,01:34,,,76 - 65,"MILLER,KHALIL missed dunk",McMaster
480,01:28,,,76 - 65,TEAM deadball rebound,McMaster
481,01:24,,,76 - 68,"DEMAGUS,MIKE made 3-pt. jump shot",McMaster
482,01:01,,,76 - 68,"Foul by OTCHERE,SEFA",McMaster
483,01:01,Carleton,"WARNHOLTZ,AIDEN made free throw",77 - 68,,
484,01:01,Carleton,"WARNHOLTZ,AIDEN made free throw",78 - 68,,
485,00:38,Carleton,"LATIFF,WAZIR made 3-pt. jump shot",81 - 68,,
486,00:35,,,81 - 68,"DEMAGUS,MIKE missed 3-pt. jump shot",McMaster
487,00:35,Carleton,"VREEKEN,CONNOR defensive rebound",81 - 68,,
488,00:26,,,81 - 68,"Foul by MILLER,KHALIL",McMaster
489,00:26,Carleton,"VREEKEN,CONNOR made free throw",82 - 68,,
490,00:26,Carleton,"VREEKEN,CONNOR missed free throw",82 - 68,,
491,00:26,,,82 - 68,"PAULO,MYCHAEL defensive rebound",McMaster
492,00:22,,,82 - 68,"PAULO,MYCHAEL missed 3-pt. jump shot",McMaster
493,00:22,,,82 - 68,"MILLER,KHALIL offensive rebound",McMaster
494,00:19,,,82 - 68,"DEMAGUS,MIKE missed 3-pt. jump shot",McMaster
495,00:19,Carleton,"VREEKEN,CONNOR defensive rebound",82 - 68,,
