,Time,Home,H-event,Score,V-event,Visitor
0,Quarter 1,Quarter 1,Quarter 1,Quarter 1,Quarter 1,Quarter 1
1,09:43,,,0 - 0,"LATIFF,WAZIR missed jump shot",Carleton
2,09:43,Nipissing,"Block by NEVES,RICARDO",0 - 0,,
3,09:43,Nipissing,TEAM deadball rebound,0 - 0,,
4,09:23,Nipissing,"Foul by MOHAMED,MUKTAR",0 - 0,,
5,09:23,,,0 - 3,"LATIFF,WAZIR made 3-pt. jump shot",Carleton
6,09:23,Nipissing,"MOHAMED,MUKTAR missed layup",0 - 3,,
7,09:23,,,0 - 3,"WARNHOLTZ,AIDEN defensive rebound",Carleton
8,09:19,,,0 - 3,"Turnover by VREEKEN,CONNOR",Carleton
9,09:03,Nipissing,"Foul by MOHAMED,MUKTAR",0 - 3,,
10,09:03,Nipissing,"HAGERTY,JACK enters the game",0 - 3,,
11,09:03,Nipissing,"MOHAMED,MUKTAR goes to the bench",0 - 3,,
12,08:50,,,0 - 3,"SERAPH,REGINALD JEAN missed 3-pt. jump shot",Carleton
13,08:50,Nipissing,TEAM deadball rebound,0 - 3,,
14,08:30,Nipissing,"Turnover by NEVES,RICARDO",0 - 3,,
15,08:28,,,0 - 3,"Steal by SHEPHARD,GRANT",Carleton
16,08:21,,,0 - 5,"SHEPHARD,GRANT made layup",Carleton
17,08:21,,,0 - 5,"Assist by WARNHOLTZ,AIDEN",Carleton
18,08:04,Nipissing,"HAGERTY,JACK made 3-pt. jump shot",3 - 5,,
19,08:04,Nipissing,"Assist by BOKANGA,DAVID",3 - 5,,
20,07:51,,,3 - 8,"VREEKEN,CONNOR made 3-pt. jump shot",Carleton
21,07:51,,,3 - 8,"Assist by WARNHOLTZ,AIDEN",Carleton
22,07:34,Nipissing,"NEVES,RICARDO made jump shot",5 - 8,,
23,07:34,Nipissing,"Assist by HAGERTY,JACK",5 - 8,,
24,07:20,,,5 - 8,"VREEKEN,CONNOR missed 3-pt. jump shot",Carleton
25,07:20,Nipissing,"LAPIERRE,NOAH defensive rebound",5 - 8,,
26,07:10,Nipissing,"LAPIERRE,NOAH made 3-pt. jump shot",8 - 8,,
27,06:53,,,8 - 8,"VREEKEN,CONNOR missed 3-pt. jump shot",Carleton
28,06:53,Nipissing,"NEVES,RICARDO defensive rebound",8 - 8,,
29,06:42,Nipissing,"HAGERTY,JACK made layup",10 - 8,,
30,06:42,Nipissing,"Assist by BOKANGA,DAVID",10 - 8,,
31,06:27,,,10 - 8,"VREEKEN,CONNOR missed layup",Carleton
32,06:27,Nipissing,"HAGERTY,JACK defensive rebound",10 - 8,,
33,06:15,Nipissing,"NEVES,RICARDO made jump shot",12 - 8,,
34,06:15,Nipissing,"Assist by LAPIERRE,NOAH",12 - 8,,
35,05:59,,,12 - 11,"VREEKEN,CONNOR made 3-pt. jump shot",Carleton
36,05:59,,,12 - 11,"Assist by LATIFF,WAZIR",Carleton
37,05:43,Nipissing,"LAPIERRE,NOAH made 3-pt. jump shot",15 - 11,,
38,05:43,,,15 - 11,"Foul by LATIFF,WAZIR",Carleton
39,05:43,,,15 - 11,FULL TIMEOUT by Carleton,Carleton
40,05:43,,,15 - 11,"OKADO,MARJOK enters the game",Carleton
41,05:43,,,15 - 11,"MEYER,EVAN enters the game",Carleton
42,05:43,,,15 - 11,"SAMAHA,GABRAEL enters the game",Carleton
43,05:43,,,15 - 11,"VREEKEN,CONNOR goes to the bench",Carleton
44,05:43,,,15 - 11,"WARNHOLTZ,AIDEN goes to the bench",Carleton
45,05:43,,,15 - 11,"LATIFF,WAZIR goes to the bench",Carleton
46,05:32,Nipissing,"LAPIERRE,NOAH made free throw",16 - 11,,
47,05:05,,,16 - 11,"Foul by RILEY,BEN",Carleton
48,05:05,Nipissing,"LAPIERRE,NOAH made free throw",17 - 11,,
49,05:05,Nipissing,"LAPIERRE,NOAH made free throw",18 - 11,,
50,05:05,Nipissing,"LAPIERRE,NOAH made free throw",19 - 11,,
51,05:05,,,19 - 11,"BAILEY,ELLIOT enters the game",Carleton
52,05:05,,,19 - 11,"LATIFF,WAZIR enters the game",Carleton
53,05:05,,,19 - 11,"RILEY,BEN enters the game",Carleton
54,05:05,,,19 - 11,"WARNHOLTZ,AIDEN enters the game",Carleton
55,05:05,,,19 - 11,"SERAPH,REGINALD JEAN goes to the bench",Carleton
56,05:05,,,19 - 11,"MEYER,EVAN goes to the bench",Carleton
57,05:05,,,19 - 11,"SHEPHARD,GRANT goes to the bench",Carleton
58,05:05,,,19 - 11,"OKADO,MARJOK goes to the bench",Carleton
59,05:05,Nipissing,"GRAHAM,TAIJON enters the game",19 - 11,,
60,05:05,Nipissing,"JAWANDA,HAZARA goes to the bench",19 - 11,,
61,05:00,Nipissing,"NEVES,RICARDO made 3-pt. jump shot",22 - 11,,
62,05:00,Nipissing,"Assist by HAGERTY,JACK",22 - 11,,
63,04:47,,,22 - 13,"LATIFF,WAZIR made jump shot",Carleton
64,04:47,,,22 - 13,"Assist by WARNHOLTZ,AIDEN",Carleton
65,04:27,Nipissing,"NEVES,RICARDO missed 3-pt. jump shot",22 - 13,,
66,04:27,,,22 - 13,"LATIFF,WAZIR defensive rebound",Carleton
67,04:19,,,22 - 13,"Turnover by WARNHOLTZ,AIDEN",Carleton
68,04:16,Nipissing,"Steal by HAGERTY,JACK",22 - 13,,
69,04:07,Nipissing,"BOKANGA,DAVID missed 3-pt. jump shot",22 - 13,,
70,04:07,,,22 - 13,"SAMAHA,GABRAEL defensive rebound",Carleton
71,03:56,,,22 - 15,"WARNHOLTZ,AIDEN made layup",Carleton
72,03:56,,,22 - 15,"Assist by SAMAHA,GABRAEL",Carleton
73,03:43,Nipissing,"LAPIERRE,NOAH missed 3-pt. jump shot",22 - 15,,
74,03:43,,,22 - 15,"SAMAHA,GABRAEL defensive rebound",Carleton
75,03:24,,,22 - 18,"LATIFF,WAZIR made 3-pt. jump shot",Carleton
76,03:07,Nipissing,FULL TIMEOUT by Nipissing,22 - 18,,
77,03:07,,,22 - 18,"LATIFF,WAZIR missed 3-pt. jump shot",Carleton
78,03:07,Nipissing,"LAPIERRE,NOAH defensive rebound",22 - 18,,
79,03:07,Nipissing,"JAWANDA,HAZARA missed jump shot",22 - 18,,
80,03:07,,,22 - 18,"WARNHOLTZ,AIDEN defensive rebound",Carleton
81,03:07,,,22 - 18,"WARNHOLTZ,AIDEN missed jump shot",Carleton
82,03:07,Nipissing,"COURIE,NATHAN defensive rebound",22 - 18,,
83,03:07,,,22 - 18,"BAILEY,ELLIOT missed 3-pt. jump shot",Carleton
84,03:07,Nipissing,"LAPIERRE,NOAH defensive rebound",22 - 18,,
85,03:04,,,22 - 18,"MILON,EMANUEL enters the game",Carleton
86,03:04,,,22 - 18,"OKADO,MARJOK enters the game",Carleton
87,03:04,,,22 - 18,"VREEKEN,CONNOR enters the game",Carleton
88,03:04,,,22 - 18,"SHEPHARD,GRANT enters the game",Carleton
89,03:04,,,22 - 18,"BAILEY,ELLIOT goes to the bench",Carleton
90,03:04,,,22 - 18,"LATIFF,WAZIR goes to the bench",Carleton
91,03:04,,,22 - 18,"SAMAHA,GABRAEL goes to the bench",Carleton
92,03:04,,,22 - 18,"RILEY,BEN goes to the bench",Carleton
93,02:16,Nipissing,"HAGERTY,JACK missed 3-pt. jump shot",22 - 18,,
94,02:16,,,22 - 18,TEAM deadball rebound,Carleton
95,02:06,,,22 - 18,"Turnover by OKADO,MARJOK",Carleton
96,02:03,Nipissing,"JAWANDA,HAZARA enters the game",22 - 18,,
97,02:03,Nipissing,"MABANZA,DARNAZ enters the game",22 - 18,,
98,02:03,Nipissing,"HAGERTY,OWEN enters the game",22 - 18,,
99,02:03,Nipissing,"BOKANGA,DAVID goes to the bench",22 - 18,,
100,02:03,Nipissing,"GRAHAM,TAIJON goes to the bench",22 - 18,,
101,02:03,Nipissing,"LAPIERRE,NOAH goes to the bench",22 - 18,,
102,01:28,,,22 - 18,"Foul by WARNHOLTZ,AIDEN",Carleton
103,01:28,,,22 - 20,"WARNHOLTZ,AIDEN made jump shot",Carleton
104,01:23,Nipissing,"MABANZA,DARNAZ missed free throw",22 - 20,,
105,01:23,,,22 - 20,TEAM deadball rebound,Carleton
106,01:16,Nipissing,"MABANZA,DARNAZ made free throw",23 - 20,,
107,01:06,,,23 - 20,"Foul by SHEPHARD,GRANT",Carleton
108,00:57,Nipissing,"Foul by HAGERTY,OWEN",23 - 20,,
109,00:57,Nipissing,"JOHNSON,D'ANDRE enters the game",23 - 20,,
110,00:57,Nipissing,"NEVES,RICARDO goes to the bench",23 - 20,,
111,00:53,,,23 - 20,"KNIGHT,JACOB enters the game",Carleton
112,00:53,,,23 - 20,"VREEKEN,CONNOR goes to the bench",Carleton
113,00:34,,,23 - 20,Turnover by TEAM,Carleton
114,00:34,Nipissing,"LAPIERRE,NOAH enters the game",23 - 20,,
115,00:34,Nipissing,"HAGERTY,OWEN goes to the bench",23 - 20,,
116,Quarter 2,Quarter 2,Quarter 2,Quarter 2,Quarter 2,Quarter 2
117,09:54,Nipissing,"JAWANDA,HAZARA missed 3-pt. jump shot",23 - 20,,
118,09:54,,,23 - 20,"SHEPHARD,GRANT defensive rebound",Carleton
119,09:27,,,23 - 20,"WARNHOLTZ,AIDEN missed layup",Carleton
120,09:27,Nipissing,"JAWANDA,HAZARA defensive rebound",23 - 20,,
121,09:07,Nipissing,"NEVES,RICARDO missed jump shot",23 - 20,,
122,09:07,,,23 - 20,"SERAPH,REGINALD JEAN defensive rebound",Carleton
123,08:52,,,23 - 22,"SHEPHARD,GRANT made layup",Carleton
124,08:52,,,23 - 22,"Assist by WARNHOLTZ,AIDEN",Carleton
125,08:38,Nipissing,"BOKANGA,DAVID missed 3-pt. jump shot",23 - 22,,
126,08:38,,,23 - 22,"SERAPH,REGINALD JEAN defensive rebound",Carleton
127,08:20,,,23 - 22,"LATIFF,WAZIR missed 3-pt. jump shot",Carleton
128,08:20,Nipissing,"LAPIERRE,NOAH defensive rebound",23 - 22,,
129,08:04,Nipissing,"MOHAMED,MUKTAR missed jump shot",23 - 22,,
130,08:04,,,23 - 22,"WARNHOLTZ,AIDEN defensive rebound",Carleton
131,07:59,Nipissing,"Foul by BOKANGA,DAVID",23 - 22,,
132,07:59,,,23 - 22,"BAILEY,ELLIOT enters the game",Carleton
133,07:59,,,23 - 22,"OKADO,MARJOK enters the game",Carleton
134,07:59,,,23 - 22,"VREEKEN,CONNOR goes to the bench",Carleton
135,07:59,,,23 - 22,"LATIFF,WAZIR goes to the bench",Carleton
136,07:54,Nipissing,"Foul by LAPIERRE,NOAH",23 - 22,,
137,07:54,,,23 - 22,"SAMAHA,GABRAEL enters the game",Carleton
138,07:54,,,23 - 22,"SHEPHARD,GRANT goes to the bench",Carleton
139,07:38,,,23 - 22,"WARNHOLTZ,AIDEN missed 3-pt. jump shot",Carleton
140,07:38,Nipissing,"NEVES,RICARDO defensive rebound",23 - 22,,
141,07:30,Nipissing,"Foul by MOHAMED,MUKTAR",23 - 22,,
142,07:30,Nipissing,"HAGERTY,JACK enters the game",23 - 22,,
143,07:30,Nipissing,"MOHAMED,MUKTAR goes to the bench",23 - 22,,
144,07:09,,,23 - 24,"WARNHOLTZ,AIDEN made layup",Carleton
145,06:45,Nipissing,"LAPIERRE,NOAH missed 3-pt. jump shot",23 - 24,,
146,06:45,,,23 - 24,"OKADO,MARJOK defensive rebound",Carleton
147,06:31,,,23 - 24,"SERAPH,REGINALD JEAN missed jump shot",Carleton
148,06:31,Nipissing,TEAM deadball rebound,23 - 24,,
149,06:26,,,23 - 24,"LATIFF,WAZIR enters the game",Carleton
150,06:26,,,23 - 24,"VREEKEN,CONNOR enters the game",Carleton
151,06:26,,,23 - 24,"SERAPH,REGINALD JEAN goes to the bench",Carleton
152,06:26,,,23 - 24,"OKADO,MARJOK goes to the bench",Carleton
153,06:18,Nipissing,"Turnover by BOKANGA,DAVID",23 - 24,,
154,06:05,,,23 - 27,"VREEKEN,CONNOR made 3-pt. jump shot",Carleton
155,06:05,,,23 - 27,"Assist by WARNHOLTZ,AIDEN",Carleton
156,05:46,Nipissing,"LAPIERRE,NOAH missed jump shot",23 - 27,,
157,05:46,Nipissing,"JAWANDA,HAZARA offensive rebound",23 - 27,,
158,05:31,,,23 - 30,"VREEKEN,CONNOR made 3-pt. jump shot",Carleton
159,05:31,,,23 - 30,"Assist by WARNHOLTZ,AIDEN",Carleton
160,05:30,Nipissing,FULL TIMEOUT by Nipissing,23 - 30,,
161,05:30,,,23 - 30,"OKADO,MARJOK enters the game",Carleton
162,05:30,,,23 - 30,"VREEKEN,CONNOR goes to the bench",Carleton
163,05:30,Nipissing,"MERVART,KEVIN enters the game",23 - 30,,
164,05:30,Nipissing,"MABANZA,DARNAZ enters the game",23 - 30,,
165,05:30,Nipissing,"JAWANDA,HAZARA goes to the bench",23 - 30,,
166,05:30,Nipissing,"HAGERTY,JACK goes to the bench",23 - 30,,
167,05:17,Nipissing,"LAPIERRE,NOAH made jump shot",25 - 30,,
168,05:12,,,25 - 30,"Turnover by OKADO,MARJOK",Carleton
169,04:54,Nipissing,"LAPIERRE,NOAH missed jump shot",25 - 30,,
170,04:54,,,25 - 30,"BAILEY,ELLIOT defensive rebound",Carleton
171,04:39,,,25 - 30,"SAMAHA,GABRAEL missed jump shot",Carleton
172,04:39,,,25 - 30,"SAMAHA,GABRAEL offensive rebound",Carleton
173,04:34,,,25 - 32,"SAMAHA,GABRAEL made jump shot",Carleton
174,04:23,Nipissing,"HAGERTY,JACK made 3-pt. jump shot",28 - 32,,
175,04:23,Nipissing,"Assist by MERVART,KEVIN",28 - 32,,
176,04:13,Nipissing,"HAGERTY,JACK enters the game",28 - 32,,
177,04:13,Nipissing,"BOKANGA,DAVID goes to the bench",28 - 32,,
178,04:00,Nipissing,"Foul by MABANZA,DARNAZ",28 - 32,,
179,04:00,,,28 - 32,"Turnover by BAILEY,ELLIOT",Carleton
180,04:00,,,28 - 32,"VREEKEN,CONNOR enters the game",Carleton
181,04:00,,,28 - 32,"SHEPHARD,GRANT enters the game",Carleton
182,04:00,,,28 - 32,"SAMAHA,GABRAEL goes to the bench",Carleton
183,04:00,,,28 - 32,"OKADO,MARJOK goes to the bench",Carleton
184,03:38,Nipissing,"LAPIERRE,NOAH missed 3-pt. jump shot",28 - 32,,
185,03:38,Nipissing,"NEVES,RICARDO offensive rebound",28 - 32,,
186,03:29,Nipissing,"MABANZA,DARNAZ missed jump shot",28 - 32,,
187,03:29,,,28 - 32,"SHEPHARD,GRANT defensive rebound",Carleton
188,03:23,,,28 - 34,"LATIFF,WAZIR made jump shot",Carleton
189,03:03,Nipissing,"NEVES,RICARDO missed jump shot",28 - 34,,
190,03:03,,,28 - 34,"LATIFF,WAZIR defensive rebound",Carleton
191,02:54,,,28 - 36,"VREEKEN,CONNOR made layup",Carleton
192,02:54,,,28 - 36,"Assist by LATIFF,WAZIR",Carleton
193,02:32,Nipissing,"MABANZA,DARNAZ missed layup",28 - 36,,
194,02:32,,,28 - 36,"SHEPHARD,GRANT defensive rebound",Carleton
195,02:22,,,28 - 36,"WARNHOLTZ,AIDEN missed 3-pt. jump shot",Carleton
196,02:22,,,28 - 36,"SHEPHARD,GRANT offensive rebound",Carleton
197,02:15,,,28 - 38,"SHEPHARD,GRANT made layup",Carleton
198,01:57,Nipissing,"MABANZA,DARNAZ missed 3-pt. jump shot",28 - 38,,
199,01:57,,,28 - 38,TEAM deadball rebound,Carleton
200,01:50,,,28 - 38,FULL TIMEOUT by Carleton,Carleton
201,01:50,,,28 - 38,"RILEY,BEN enters the game",Carleton
202,01:50,,,28 - 38,"OKADO,MARJOK enters the game",Carleton
203,01:50,,,28 - 38,"VREEKEN,CONNOR goes to the bench",Carleton
204,01:50,,,28 - 38,"LATIFF,WAZIR goes to the bench",Carleton
205,01:50,Nipissing,"HAGERTY,OWEN enters the game",28 - 38,,
206,01:50,Nipissing,"LAPIERRE,NOAH goes to the bench",28 - 38,,
207,01:43,,,28 - 38,"RILEY,BEN missed layup",Carleton
208,01:43,Nipissing,"HAGERTY,OWEN defensive rebound",28 - 38,,
209,01:34,Nipissing,"MERVART,KEVIN made layup",30 - 38,,
210,01:34,Nipissing,"Assist by HAGERTY,JACK",30 - 38,,
211,01:20,,,30 - 41,"OKADO,MARJOK made 3-pt. jump shot",Carleton
212,01:20,,,30 - 41,"Assist by BAILEY,ELLIOT",Carleton
213,01:01,Nipissing,"NEVES,RICARDO missed 3-pt. jump shot",30 - 41,,
214,01:01,,,30 - 41,"WARNHOLTZ,AIDEN defensive rebound",Carleton
215,00:49,,,30 - 41,"RILEY,BEN missed 3-pt. jump shot",Carleton
216,00:49,Nipissing,"HAGERTY,OWEN defensive rebound",30 - 41,,
217,00:31,Nipissing,"MABANZA,DARNAZ missed jump shot",30 - 41,,
218,00:31,Nipissing,"HAGERTY,JACK offensive rebound",30 - 41,,
219,00:23,Nipissing,"MABANZA,DARNAZ made 3-pt. jump shot",33 - 41,,
220,00:23,Nipissing,"Assist by HAGERTY,JACK",33 - 41,,
221,00:00,,,33 - 41,"BAILEY,ELLIOT missed 3-pt. jump shot",Carleton
222,00:00,Nipissing,"MERVART,KEVIN defensive rebound",33 - 41,,
223,Quarter 3,Quarter 3,Quarter 3,Quarter 3,Quarter 3,Quarter 3
224,10:00,,,33 - 41,"BAILEY,ELLIOT enters the game",Carleton
225,10:00,,,33 - 41,"SHEPHARD,GRANT goes to the bench",Carleton
226,09:44,,,33 - 41,"Turnover by VREEKEN,CONNOR",Carleton
227,09:38,Nipissing,"Steal by MOHAMED,MUKTAR",33 - 41,,
228,09:32,,,33 - 41,"Foul by LATIFF,WAZIR",Carleton
229,09:32,Nipissing,"LAPIERRE,NOAH made free throw",34 - 41,,
230,09:32,Nipissing,"LAPIERRE,NOAH made free throw",35 - 41,,
231,09:14,,,35 - 41,"WARNHOLTZ,AIDEN missed 3-pt. jump shot",Carleton
232,09:14,Nipissing,"JAWANDA,HAZARA defensive rebound",35 - 41,,
233,09:06,,,35 - 41,"Foul by SHEPHARD,GRANT",Carleton
234,09:02,,,35 - 41,"SHEPHARD,GRANT enters the game",Carleton
235,09:02,,,35 - 41,"BAILEY,ELLIOT goes to the bench",Carleton
236,08:55,Nipissing,"Turnover by JAWANDA,HAZARA",35 - 41,,
237,08:48,,,35 - 41,"BAILEY,ELLIOT enters the game",Carleton
238,08:48,,,35 - 41,"SERAPH,REGINALD JEAN goes to the bench",Carleton
239,08:40,,,35 - 44,"LATIFF,WAZIR made 3-pt. jump shot",Carleton
240,08:40,,,35 - 44,"Assist by BAILEY,ELLIOT",Carleton
241,08:21,Nipissing,"JAWANDA,HAZARA made layup",37 - 44,,
242,08:21,Nipissing,"Assist by BOKANGA,DAVID",37 - 44,,
243,08:09,,,37 - 47,"BAILEY,ELLIOT made 3-pt. jump shot",Carleton
244,08:09,,,37 - 47,"Assist by WARNHOLTZ,AIDEN",Carleton
245,07:52,,,37 - 47,"Foul by WARNHOLTZ,AIDEN",Carleton
246,07:52,Nipissing,"MOHAMED,MUKTAR made free throw",38 - 47,,
247,07:52,Nipissing,"MOHAMED,MUKTAR made free throw",39 - 47,,
248,07:34,,,39 - 47,"VREEKEN,CONNOR missed 3-pt. jump shot",Carleton
249,07:34,Nipissing,TEAM deadball rebound,39 - 47,,
250,07:29,Nipissing,"Foul by JAWANDA,HAZARA",39 - 47,,
251,07:24,,,39 - 49,"VREEKEN,CONNOR made layup",Carleton
252,07:24,,,39 - 49,"Assist by WARNHOLTZ,AIDEN",Carleton
253,07:24,,,39 - 49,"Foul by SAMAHA,GABRAEL",Carleton
254,07:24,Nipissing,"HAGERTY,JACK enters the game",39 - 49,,
255,07:24,Nipissing,"NEVES,RICARDO goes to the bench",39 - 49,,
256,07:15,Nipissing,"Turnover by MOHAMED,MUKTAR",39 - 49,,
257,07:12,,,39 - 49,"Steal by LATIFF,WAZIR",Carleton
258,07:11,,,39 - 49,"SAMAHA,GABRAEL enters the game",Carleton
259,07:11,,,39 - 49,"SHEPHARD,GRANT goes to the bench",Carleton
260,07:05,,,39 - 49,"LATIFF,WAZIR missed 3-pt. jump shot",Carleton
261,07:05,Nipissing,"HAGERTY,JACK defensive rebound",39 - 49,,
262,06:56,Nipissing,"MOHAMED,MUKTAR missed 3-pt. jump shot",39 - 49,,
263,06:56,,,39 - 49,"VREEKEN,CONNOR defensive rebound",Carleton
264,06:48,Nipissing,"Foul by HAGERTY,JACK",39 - 49,,
265,06:48,,,39 - 49,"SERAPH,REGINALD JEAN enters the game",Carleton
266,06:48,,,39 - 49,"VREEKEN,CONNOR goes to the bench",Carleton
267,06:38,Nipissing,"MERVART,KEVIN enters the game",39 - 49,,
268,06:38,Nipissing,"JAWANDA,HAZARA goes to the bench",39 - 49,,
269,06:16,Nipissing,"LAPIERRE,NOAH made 3-pt. jump shot",42 - 49,,
270,06:16,Nipissing,"Assist by HAGERTY,JACK",42 - 49,,
271,05:55,,,42 - 49,"BAILEY,ELLIOT missed 3-pt. jump shot",Carleton
272,05:55,Nipissing,"BOKANGA,DAVID defensive rebound",42 - 49,,
273,05:46,Nipissing,"BOKANGA,DAVID missed 3-pt. jump shot",42 - 49,,
274,05:46,,,42 - 49,"WARNHOLTZ,AIDEN defensive rebound",Carleton
275,05:40,,,42 - 49,"SHEPHARD,GRANT enters the game",Carleton
276,05:40,,,42 - 49,"OKADO,MARJOK enters the game",Carleton
277,05:40,,,42 - 49,"VREEKEN,CONNOR enters the game",Carleton
278,05:40,,,42 - 49,"BAILEY,ELLIOT goes to the bench",Carleton
279,05:40,,,42 - 49,"LATIFF,WAZIR goes to the bench",Carleton
280,05:40,,,42 - 49,"SAMAHA,GABRAEL goes to the bench",Carleton
281,05:33,,,42 - 51,"VREEKEN,CONNOR made layup",Carleton
282,05:33,,,42 - 51,"Assist by WARNHOLTZ,AIDEN",Carleton
283,05:19,Nipissing,"Turnover by MOHAMED,MUKTAR",42 - 51,,
284,05:19,Nipissing,"MABANZA,DARNAZ enters the game",42 - 51,,
285,05:19,Nipissing,"LAPIERRE,NOAH goes to the bench",42 - 51,,
286,05:06,,,42 - 54,"OKADO,MARJOK made 3-pt. jump shot",Carleton
287,05:06,,,42 - 54,"Assist by VREEKEN,CONNOR",Carleton
288,04:51,Nipissing,"HAGERTY,JACK made 3-pt. jump shot",45 - 54,,
289,04:51,Nipissing,"Assist by BOKANGA,DAVID",45 - 54,,
290,04:36,,,45 - 54,"OKADO,MARJOK missed 3-pt. jump shot",Carleton
291,04:36,Nipissing,"MERVART,KEVIN defensive rebound",45 - 54,,
292,04:25,,,45 - 54,"Foul by SERAPH,REGINALD JEAN",Carleton
293,04:25,Nipissing,"MABANZA,DARNAZ made free throw",46 - 54,,
294,04:25,Nipissing,"MABANZA,DARNAZ made free throw",47 - 54,,
295,04:25,Nipissing,"LAPIERRE,NOAH enters the game",47 - 54,,
296,04:25,Nipissing,"HAGERTY,JACK goes to the bench",47 - 54,,
297,04:20,Nipissing,"Foul by LAPIERRE,NOAH",47 - 54,,
298,04:16,,,47 - 54,"SHEPHARD,GRANT missed layup",Carleton
299,04:16,Nipissing,"MOHAMED,MUKTAR defensive rebound",47 - 54,,
300,04:05,Nipissing,"MERVART,KEVIN missed jump shot",47 - 54,,
301,04:05,,,47 - 54,TEAM deadball rebound,Carleton
302,03:47,,,47 - 57,"SERAPH,REGINALD JEAN made 3-pt. jump shot",Carleton
303,03:47,,,47 - 57,"Assist by WARNHOLTZ,AIDEN",Carleton
304,03:29,Nipissing,"Turnover by BOKANGA,DAVID",47 - 57,,
305,03:25,,,47 - 57,"Steal by SERAPH,REGINALD JEAN",Carleton
306,03:20,,,47 - 57,"OKADO,MARJOK missed 3-pt. jump shot",Carleton
307,03:20,Nipissing,"MERVART,KEVIN defensive rebound",47 - 57,,
308,03:00,Nipissing,"LAPIERRE,NOAH missed 3-pt. jump shot",47 - 57,,
309,03:00,,,47 - 57,TEAM deadball rebound,Carleton
310,03:00,,,47 - 57,"Foul by OKADO,MARJOK",Carleton
311,03:00,Nipissing,"MABANZA,DARNAZ made free throw",48 - 57,,
312,03:00,Nipissing,"MABANZA,DARNAZ missed free throw",48 - 57,,
313,03:00,,,48 - 57,"BAILEY,ELLIOT defensive rebound",Carleton
314,03:00,,,48 - 57,"MEYER,EVAN enters the game",Carleton
315,03:00,,,48 - 57,"BAILEY,ELLIOT enters the game",Carleton
316,03:00,,,48 - 57,"SHEPHARD,GRANT goes to the bench",Carleton
317,03:00,,,48 - 57,"VREEKEN,CONNOR goes to the bench",Carleton
318,03:00,Nipissing,"HAGERTY,JACK enters the game",48 - 57,,
319,03:00,Nipissing,"BOKANGA,DAVID goes to the bench",48 - 57,,
320,02:53,Nipissing,"Foul by MERVART,KEVIN",48 - 57,,
321,02:53,,,48 - 58,"WARNHOLTZ,AIDEN made free throw",Carleton
322,02:53,,,48 - 59,"WARNHOLTZ,AIDEN made free throw",Carleton
323,02:53,,,48 - 59,"LATIFF,WAZIR enters the game",Carleton
324,02:53,,,48 - 59,"WARNHOLTZ,AIDEN goes to the bench",Carleton
325,02:21,,,48 - 61,"BAILEY,ELLIOT made layup",Carleton
326,02:21,,,48 - 61,"Assist by OKADO,MARJOK",Carleton
327,02:11,,,48 - 61,"Foul by SERAPH,REGINALD JEAN",Carleton
328,02:11,Nipissing,"MOHAMED,MUKTAR missed free throw",48 - 61,,
329,02:11,,,48 - 61,TEAM deadball rebound,Carleton
330,02:11,Nipissing,"MOHAMED,MUKTAR made free throw",49 - 61,,
331,02:11,Nipissing,"NEVES,RICARDO enters the game",49 - 61,,
332,02:11,Nipissing,"MABANZA,DARNAZ goes to the bench",49 - 61,,
333,01:46,,,49 - 61,"OKADO,MARJOK missed layup",Carleton
334,01:46,Nipissing,"MERVART,KEVIN defensive rebound",49 - 61,,
335,01:39,Nipissing,"Turnover by MERVART,KEVIN",49 - 61,,
336,01:35,,,49 - 61,"LATIFF,WAZIR missed jump shot",Carleton
337,01:35,,,49 - 61,"SERAPH,REGINALD JEAN offensive rebound",Carleton
338,01:35,,,49 - 61,"Turnover by SERAPH,REGINALD JEAN",Carleton
339,01:35,Nipissing,"Steal by MERVART,KEVIN",49 - 61,,
340,01:20,Nipissing,"MOHAMED,MUKTAR made jump shot",51 - 61,,
341,01:14,,,51 - 61,"Turnover by LATIFF,WAZIR",Carleton
342,01:11,Nipissing,"Steal by HAGERTY,JACK",51 - 61,,
343,01:00,Nipissing,"NEVES,RICARDO missed 3-pt. jump shot",51 - 61,,
344,01:00,,,51 - 61,"SERAPH,REGINALD JEAN defensive rebound",Carleton
345,00:54,Nipissing,"Foul by MERVART,KEVIN",51 - 61,,
346,00:54,Nipissing,"Technical Foul by MERVART,KEVIN",51 - 61,,
347,00:54,,,51 - 61,"MEYER,EVAN missed free throw",Carleton
348,00:54,Nipissing,TEAM deadball rebound,51 - 61,,
349,00:41,,,51 - 62,"OKADO,MARJOK made free throw",Carleton
350,00:32,,,51 - 64,"OKADO,MARJOK made jump shot",Carleton
351,00:18,Nipissing,"MOHAMED,MUKTAR missed jump shot",51 - 64,,
352,00:18,,,51 - 64,"BAILEY,ELLIOT defensive rebound",Carleton
353,00:08,,,51 - 64,"Turnover by SERAPH,REGINALD JEAN",Carleton
354,00:05,Nipissing,"Steal by NEVES,RICARDO",51 - 64,,
355,Quarter 4,Quarter 4,Quarter 4,Quarter 4,Quarter 4,Quarter 4
356,10:00,,,51 - 64,"KNIGHT,JACOB enters the game",Carleton
357,10:00,,,51 - 64,"RILEY,BEN enters the game",Carleton
358,10:00,,,51 - 64,"SERAPH,REGINALD JEAN goes to the bench",Carleton
359,10:00,,,51 - 64,"LATIFF,WAZIR goes to the bench",Carleton
360,10:00,Nipissing,"HAGERTY,JACK enters the game",51 - 64,,
361,10:00,Nipissing,"BOKANGA,DAVID goes to the bench",51 - 64,,
362,09:46,,,51 - 64,"RILEY,BEN missed layup",Carleton
363,09:46,,,51 - 64,"RILEY,BEN offensive rebound",Carleton
364,09:46,Nipissing,"Foul by NEVES,RICARDO",51 - 64,,
365,09:46,,,51 - 65,"RILEY,BEN made free throw",Carleton
366,09:46,,,51 - 65,"RILEY,BEN missed free throw",Carleton
367,09:46,Nipissing,"MOHAMED,MUKTAR defensive rebound",51 - 65,,
368,09:46,,,51 - 65,"Foul by VREEKEN,CONNOR",Carleton
369,09:25,,,51 - 65,"Foul by RILEY,BEN",Carleton
370,09:20,Nipissing,"LAPIERRE,NOAH missed jump shot",51 - 65,,
371,09:20,,,51 - 65,"KNIGHT,JACOB defensive rebound",Carleton
372,09:09,,,51 - 65,"Turnover by WARNHOLTZ,AIDEN",Carleton
373,09:09,,,51 - 65,"LATIFF,WAZIR enters the game",Carleton
374,09:09,,,51 - 65,"BAILEY,ELLIOT enters the game",Carleton
375,09:09,,,51 - 65,"KNIGHT,JACOB goes to the bench",Carleton
376,09:09,,,51 - 65,"RILEY,BEN goes to the bench",Carleton
377,09:00,,,51 - 65,"WARNHOLTZ,AIDEN missed jump shot",Carleton
378,09:00,Nipissing,"MOHAMED,MUKTAR defensive rebound",51 - 65,,
379,08:47,,,51 - 65,"Foul by LATIFF,WAZIR",Carleton
380,08:46,,,51 - 65,"Foul by VREEKEN,CONNOR",Carleton
381,08:38,Nipissing,"MOHAMED,MUKTAR missed jump shot",51 - 65,,
382,08:38,,,51 - 65,"SHEPHARD,GRANT defensive rebound",Carleton
383,08:24,,,51 - 65,"SHEPHARD,GRANT missed layup",Carleton
384,08:24,,,51 - 65,"SHEPHARD,GRANT offensive rebound",Carleton
385,08:24,Nipissing,"Foul by JAWANDA,HAZARA",51 - 65,,
386,08:23,,,51 - 65,"Turnover by BAILEY,ELLIOT",Carleton
387,07:58,Nipissing,"Turnover by MOHAMED,MUKTAR",51 - 65,,
388,07:55,,,51 - 65,"Steal by WARNHOLTZ,AIDEN",Carleton
389,07:50,,,51 - 65,"Turnover by WARNHOLTZ,AIDEN",Carleton
390,07:39,Nipissing,"LAPIERRE,NOAH missed 3-pt. jump shot",51 - 65,,
391,07:39,,,51 - 65,"WARNHOLTZ,AIDEN defensive rebound",Carleton
392,07:30,,,51 - 65,"WARNHOLTZ,AIDEN missed layup",Carleton
393,07:30,,,51 - 65,"BAILEY,ELLIOT offensive rebound",Carleton
394,07:24,Nipissing,"Foul by NEVES,RICARDO",51 - 65,,
395,07:24,,,51 - 66,"BAILEY,ELLIOT made free throw",Carleton
396,07:24,,,51 - 67,"BAILEY,ELLIOT made free throw",Carleton
397,07:24,Nipissing,"MABANZA,DARNAZ enters the game",51 - 67,,
398,07:24,Nipissing,"MOHAMED,MUKTAR goes to the bench",51 - 67,,
399,07:01,Nipissing,"JAWANDA,HAZARA missed jump shot",51 - 67,,
400,07:01,,,51 - 67,"SHEPHARD,GRANT defensive rebound",Carleton
401,06:55,Nipissing,"LAPIERRE,NOAH made jump shot",53 - 67,,
402,06:55,Nipissing,"Assist by NEVES,RICARDO",53 - 67,,
403,06:40,,,53 - 69,"SHEPHARD,GRANT made layup",Carleton
404,06:40,,,53 - 69,"Assist by WARNHOLTZ,AIDEN",Carleton
405,06:09,Nipissing,"NEVES,RICARDO missed layup",53 - 69,,
406,06:09,Nipissing,"HAGERTY,JACK offensive rebound",53 - 69,,
407,06:09,Nipissing,"HAGERTY,JACK missed jump shot",53 - 69,,
408,06:09,,,53 - 69,TEAM deadball rebound,Carleton
409,06:09,,,53 - 69,"SERAPH,REGINALD JEAN enters the game",Carleton
410,06:09,,,53 - 69,"SAMAHA,GABRAEL enters the game",Carleton
411,06:09,,,53 - 69,"OKADO,MARJOK enters the game",Carleton
412,06:09,,,53 - 69,"BAILEY,ELLIOT goes to the bench",Carleton
413,06:09,,,53 - 69,"LATIFF,WAZIR goes to the bench",Carleton
414,06:09,,,53 - 69,"SHEPHARD,GRANT goes to the bench",Carleton
415,06:09,Nipissing,"GRAHAM,TAIJON enters the game",53 - 69,,
416,06:09,Nipissing,"JOHNSON,D'ANDRE enters the game",53 - 69,,
417,06:09,Nipissing,"JAWANDA,HAZARA goes to the bench",53 - 69,,
418,06:09,Nipissing,"NEVES,RICARDO goes to the bench",53 - 69,,
419,05:56,,,53 - 69,"OKADO,MARJOK missed jump shot",Carleton
420,05:56,,,53 - 69,"SERAPH,REGINALD JEAN offensive rebound",Carleton
421,05:48,,,53 - 71,"SERAPH,REGINALD JEAN made layup",Carleton
422,05:36,Nipissing,"MABANZA,DARNAZ made layup",55 - 71,,
423,05:36,Nipissing,"Assist by HAGERTY,JACK",55 - 71,,
424,05:25,,,55 - 74,"VREEKEN,CONNOR made 3-pt. jump shot",Carleton
425,05:25,,,55 - 74,"Assist by WARNHOLTZ,AIDEN",Carleton
426,05:06,Nipissing,"JOHNSON,D'ANDRE missed layup",55 - 74,,
427,05:06,,,55 - 74,"WARNHOLTZ,AIDEN defensive rebound",Carleton
428,04:55,,,55 - 74,"Foul by SAMAHA,GABRAEL",Carleton
429,04:55,,,55 - 74,"RILEY,BEN enters the game",Carleton
430,04:55,,,55 - 74,"SERAPH,REGINALD JEAN goes to the bench",Carleton
431,04:55,Nipissing,"BOKANGA,DAVID enters the game",55 - 74,,
432,04:55,Nipissing,"JOHNSON,D'ANDRE goes to the bench",55 - 74,,
433,04:36,Nipissing,"BOKANGA,DAVID missed layup",55 - 74,,
434,04:36,,,55 - 74,"VREEKEN,CONNOR defensive rebound",Carleton
435,04:17,,,55 - 76,"SAMAHA,GABRAEL made layup",Carleton
436,04:17,,,55 - 76,"Assist by WARNHOLTZ,AIDEN",Carleton
437,03:56,Nipissing,"LAPIERRE,NOAH missed 3-pt. jump shot",55 - 76,,
438,03:56,,,55 - 76,"RILEY,BEN defensive rebound",Carleton
439,03:49,Nipissing,"JOHNSON,D'ANDRE enters the game",55 - 76,,
440,03:49,Nipissing,"HAGERTY,JACK goes to the bench",55 - 76,,
441,03:47,,,55 - 76,"VREEKEN,CONNOR missed 3-pt. jump shot",Carleton
442,03:47,,,55 - 76,"RILEY,BEN offensive rebound",Carleton
443,03:24,,,55 - 78,"RILEY,BEN made layup",Carleton
444,03:18,Nipissing,FULL TIMEOUT by Nipissing,55 - 78,,
445,03:10,,,55 - 80,"VREEKEN,CONNOR made layup",Carleton
446,03:10,,,55 - 80,"Assist by LATIFF,WAZIR",Carleton
447,02:50,Nipissing,"MOHAMED,MUKTAR enters the game",55 - 80,,
448,02:50,Nipissing,"MABANZA,DARNAZ goes to the bench",55 - 80,,
449,02:27,Nipissing,"JOHNSON,D'ANDRE made layup",57 - 80,,
450,02:27,Nipissing,"Assist by LAPIERRE,NOAH",57 - 80,,
451,02:18,,,57 - 80,"LATIFF,WAZIR missed 3-pt. jump shot",Carleton
452,02:18,Nipissing,"JOHNSON,D'ANDRE defensive rebound",57 - 80,,
453,02:05,Nipissing,"MOHAMED,MUKTAR made 3-pt. jump shot",60 - 80,,
454,02:05,Nipissing,"Assist by JOHNSON,D'ANDRE",60 - 80,,
455,01:52,Nipissing,"MOHAMED,MUKTAR made layup",62 - 80,,
456,01:52,,,62 - 80,FULL TIMEOUT by Carleton,Carleton
457,01:52,,,62 - 80,"DOLMAN,LUKA enters the game",Carleton
458,01:52,,,62 - 80,"MEYER,EVAN enters the game",Carleton
459,01:52,,,62 - 80,"WARNHOLTZ,AIDEN goes to the bench",Carleton
460,01:52,,,62 - 80,"SAMAHA,GABRAEL goes to the bench",Carleton
461,01:47,,,62 - 80,"Turnover by OKADO,MARJOK",Carleton
462,01:36,Nipissing,"Turnover by BOKANGA,DAVID",62 - 80,,
463,01:32,,,62 - 82,"RILEY,BEN made dunk",Carleton
464,01:26,,,62 - 82,"Steal by RILEY,BEN",Carleton
465,01:20,Nipissing,"GRAHAM,TAIJON missed 3-pt. jump shot",62 - 82,,
466,01:20,,,62 - 82,TEAM deadball rebound,Carleton
467,01:20,Nipissing,"BOKANGA,DAVID missed jump shot",62 - 82,,
468,01:20,,,62 - 82,"VREEKEN,CONNOR defensive rebound",Carleton
469,01:09,,,62 - 82,"OKADO,MARJOK missed layup",Carleton
470,01:09,Nipissing,"BOKANGA,DAVID defensive rebound",62 - 82,,
471,00:58,Nipissing,"JOHNSON,D'ANDRE made dunk",64 - 82,,
472,00:58,Nipissing,"Assist by MABANZA,DARNAZ",64 - 82,,
473,00:50,,,64 - 82,"Turnover by DOLMAN,LUKA",Carleton
474,00:37,Nipissing,"HAGERTY,OWEN enters the game",64 - 82,,
475,00:37,Nipissing,"GOWLAND,THOMAS enters the game",64 - 82,,
476,00:37,Nipissing,"BOKANGA,DAVID goes to the bench",64 - 82,,
477,00:37,Nipissing,"LAPIERRE,NOAH goes to the bench",64 - 82,,
478,00:28,Nipissing,"MABANZA,DARNAZ missed layup",64 - 82,,
479,00:28,,,64 - 82,"OKADO,MARJOK defensive rebound",Carleton
480,00:25,Nipissing,"Steal by HAGERTY,OWEN",64 - 82,,
481,00:23,,,64 - 85,"OKADO,MARJOK made 3-pt. jump shot",Carleton
482,00:22,Nipissing,"MABANZA,DARNAZ enters the game",64 - 85,,
483,00:22,Nipissing,"MOHAMED,MUKTAR goes to the bench",64 - 85,,
484,00:16,Nipissing,"Foul by GRAHAM,TAIJON",64 - 85,,
485,00:16,,,64 - 85,"RILEY,BEN missed free throw",Carleton
486,00:16,Nipissing,TEAM deadball rebound,64 - 85,,
487,00:16,,,64 - 86,"RILEY,BEN made free throw",Carleton
488,00:13,Nipissing,"JOHNSON,D'ANDRE made dunk",66 - 86,,
489,00:09,,,66 - 86,"Foul by OKADO,MARJOK",Carleton
490,00:09,Nipissing,"MABANZA,DARNAZ made free throw",67 - 86,,
491,00:01,Nipissing,"MABANZA,DARNAZ made layup",69 - 86,,
