,Time,Home,H-event,Score,V-event,Visitor
0,Quarter 1,Quarter 1,Quarter 1,Quarter 1,Quarter 1,Quarter 1
1,09:58,,,0 - 2,"VREEKEN,CONNOR made layup",Carleton
2,09:58,,,0 - 2,"Assist by WARNHOLTZ,AIDEN",Carleton
3,09:44,Laurentian,"SCOTT,COBAN missed jump shot",0 - 2,,
4,09:44,Laurentian,"COULIBALY,SALIM offensive rebound",0 - 2,,
5,09:13,,,0 - 2,"Turnover by SERAPH,REGINALD JEAN",Carleton
6,09:13,Laurentian,"Steal by LACROIX,CAILLOU",0 - 2,,
7,09:13,Laurentian,"LACROIX,CAILLOU missed jump shot",0 - 2,,
8,09:13,,,0 - 2,"LATIFF,WAZIR defensive rebound",Carleton
9,09:13,,,0 - 4,"WARNHOLTZ,AIDEN made layup",Carleton
10,09:13,,,0 - 4,"Assist by LATIFF,WAZIR",Carleton
11,09:05,Laurentian,"LACROIX,CAILLOU missed 3-pt. jump shot",0 - 4,,
12,09:05,,,0 - 4,"WARNHOLTZ,AIDEN defensive rebound",Carleton
13,08:48,,,0 - 4,"Turnover by SHEPHARD,GRANT",Carleton
14,08:45,,,0 - 4,"RILEY,BEN enters the game",Carleton
15,08:45,,,0 - 4,"SAMAHA,GABRAEL enters the game",Carleton
16,08:45,,,0 - 4,"SERAPH,REGINALD JEAN goes to the bench",Carleton
17,08:45,,,0 - 4,"SHEPHARD,GRANT goes to the bench",Carleton
18,08:14,Laurentian,"LACROIX,CAILLOU made layup",2 - 4,,
19,08:14,Laurentian,"Assist by SCOTT,COBAN",2 - 4,,
20,07:43,,,2 - 4,"VREEKEN,CONNOR missed 3-pt. jump shot",Carleton
21,07:43,Laurentian,"COULIBALY,SALIM defensive rebound",2 - 4,,
22,07:30,Laurentian,"KATCHUNGA,JORDAN missed 3-pt. jump shot",2 - 4,,
23,07:30,,,2 - 4,"LATIFF,WAZIR defensive rebound",Carleton
24,07:24,,,2 - 4,"Foul by RILEY,BEN",Carleton
25,07:22,,,2 - 4,"OKADO,MARJOK enters the game",Carleton
26,07:22,,,2 - 4,"LATIFF,WAZIR goes to the bench",Carleton
27,07:15,Laurentian,"LACROIX,CAILLOU missed layup",2 - 4,,
28,07:15,,,2 - 4,"WARNHOLTZ,AIDEN defensive rebound",Carleton
29,07:08,,,2 - 7,"WARNHOLTZ,AIDEN made 3-pt. jump shot",Carleton
30,06:44,Laurentian,"SCOTT,COBAN made layup",4 - 7,,
31,06:44,Laurentian,"Assist by KATCHUNGA,JORDAN",4 - 7,,
32,06:29,,,4 - 9,"SAMAHA,GABRAEL made layup",Carleton
33,06:29,,,4 - 9,"Assist by WARNHOLTZ,AIDEN",Carleton
34,06:11,Laurentian,"Turnover by COULIBALY,SALIM",4 - 9,,
35,06:08,,,4 - 9,"Steal by VREEKEN,CONNOR",Carleton
36,06:00,Laurentian,"Foul by COULIBALY,SALIM",4 - 9,,
37,06:00,,,4 - 10,"WARNHOLTZ,AIDEN made free throw",Carleton
38,06:00,,,4 - 11,"WARNHOLTZ,AIDEN made free throw",Carleton
39,06:00,,,4 - 11,"Foul by BAILEY,ELLIOT",Carleton
40,06:00,Laurentian,"LACROIX,CAILLOU missed free throw",4 - 11,,
41,06:00,,,4 - 11,TEAM deadball rebound,Carleton
42,06:00,,,4 - 11,"BAILEY,ELLIOT missed free throw",Carleton
43,06:00,Laurentian,"MBIABA,CEDRIC defensive rebound",4 - 11,,
44,06:00,Laurentian,"HANTCHI,KAMIL DIA made free throw",5 - 11,,
45,06:00,,,5 - 13,"OKADO,MARJOK made jump shot",Carleton
46,06:00,,,5 - 13,"Assist by SERAPH,REGINALD JEAN",Carleton
47,06:00,Laurentian,"HANTCHI,KAMIL DIA missed free throw",5 - 13,,
48,06:00,,,5 - 13,TEAM deadball rebound,Carleton
49,06:00,,,5 - 13,"MEYER,EVAN enters the game",Carleton
50,06:00,,,5 - 13,"SERAPH,REGINALD JEAN enters the game",Carleton
51,06:00,,,5 - 13,"LATIFF,WAZIR enters the game",Carleton
52,06:00,,,5 - 13,"BAILEY,ELLIOT enters the game",Carleton
53,06:00,,,5 - 13,"VREEKEN,CONNOR goes to the bench",Carleton
54,06:00,,,5 - 13,"WARNHOLTZ,AIDEN goes to the bench",Carleton
55,06:00,,,5 - 13,"SAMAHA,GABRAEL goes to the bench",Carleton
56,06:00,,,5 - 13,"RILEY,BEN goes to the bench",Carleton
57,06:00,Laurentian,"HANTCHI,KAMIL DIA enters the game",5 - 13,,
58,06:00,Laurentian,"MBIABA,CEDRIC enters the game",5 - 13,,
59,06:00,Laurentian,"COULIBALY,SALIM goes to the bench",5 - 13,,
60,06:00,Laurentian,"LACROIX,CAILLOU goes to the bench",5 - 13,,
61,05:55,Laurentian,"SCOTT,COBAN missed 3-pt. jump shot",5 - 13,,
62,05:55,,,5 - 13,"OKADO,MARJOK defensive rebound",Carleton
63,05:43,,,5 - 16,"LATIFF,WAZIR made 3-pt. jump shot",Carleton
64,05:43,,,5 - 16,"Assist by OKADO,MARJOK",Carleton
65,05:18,Laurentian,"Foul by MBIABA,CEDRIC",5 - 16,,
66,05:18,Laurentian,FULL TIMEOUT by Laurentian,5 - 16,,
67,04:41,,,5 - 16,"VREEKEN,CONNOR enters the game",Carleton
68,04:41,,,5 - 16,"SHEPHARD,GRANT enters the game",Carleton
69,04:41,,,5 - 16,"KNIGHT,JACOB enters the game",Carleton
70,04:41,,,5 - 16,"BAILEY,ELLIOT goes to the bench",Carleton
71,04:41,,,5 - 16,"MEYER,EVAN goes to the bench",Carleton
72,04:41,,,5 - 16,"OKADO,MARJOK goes to the bench",Carleton
73,04:02,Laurentian,"Foul by HASSAN,ABDULMAJID",5 - 16,,
74,04:02,Laurentian,"LACROIX,CAILLOU enters the game",5 - 16,,
75,04:02,Laurentian,"HASSAN,ABDULMAJID goes to the bench",5 - 16,,
76,03:49,Laurentian,"Foul by SCOTT,COBAN",5 - 16,,
77,03:49,,,5 - 18,"VREEKEN,CONNOR made layup",Carleton
78,03:49,,,5 - 18,"Foul by SERAPH,REGINALD JEAN",Carleton
79,03:49,Laurentian,"SCOTT,COBAN made free throw",6 - 18,,
80,03:49,Laurentian,"SCOTT,COBAN missed free throw",6 - 18,,
81,03:49,Laurentian,"MBIABA,CEDRIC offensive rebound",6 - 18,,
82,03:49,Laurentian,"MBIABA,CEDRIC missed layup",6 - 18,,
83,03:49,,,6 - 18,"LATIFF,WAZIR defensive rebound",Carleton
84,03:49,,,6 - 18,"VREEKEN,CONNOR missed jump shot",Carleton
85,03:49,,,6 - 18,"SHEPHARD,GRANT offensive rebound",Carleton
86,03:49,Laurentian,"Foul by KATCHUNGA,JORDAN",6 - 18,,
87,03:49,,,6 - 19,"SHEPHARD,GRANT made free throw",Carleton
88,03:49,,,6 - 20,"SHEPHARD,GRANT made free throw",Carleton
89,03:23,,,6 - 20,"SAMAHA,GABRAEL enters the game",Carleton
90,03:23,,,6 - 20,"WARNHOLTZ,AIDEN enters the game",Carleton
91,03:23,,,6 - 20,"SERAPH,REGINALD JEAN goes to the bench",Carleton
92,03:23,,,6 - 20,"SHEPHARD,GRANT goes to the bench",Carleton
93,03:14,Laurentian,"Turnover by LACROIX,CAILLOU",6 - 20,,
94,03:10,,,6 - 20,"Steal by DOLMAN,LUKA",Carleton
95,03:02,,,6 - 20,"WARNHOLTZ,AIDEN missed layup",Carleton
96,03:02,,,6 - 20,"WARNHOLTZ,AIDEN offensive rebound",Carleton
97,02:55,,,6 - 20,"WARNHOLTZ,AIDEN missed 3-pt. jump shot",Carleton
98,02:55,,,6 - 20,"DOLMAN,LUKA offensive rebound",Carleton
99,02:46,,,6 - 23,"WARNHOLTZ,AIDEN made 3-pt. jump shot",Carleton
100,02:46,,,6 - 23,"Assist by DOLMAN,LUKA",Carleton
101,02:08,Laurentian,"Turnover by HANTCHI,KAMIL DIA",6 - 23,,
102,02:08,,,6 - 23,"DOLMAN,LUKA enters the game",Carleton
103,02:08,,,6 - 23,"KNIGHT,JACOB goes to the bench",Carleton
104,02:08,Laurentian,"CUDNEY,ETHAN enters the game",6 - 23,,
105,02:08,Laurentian,"SCOTT,COBAN goes to the bench",6 - 23,,
106,01:54,,,6 - 23,"Turnover by DOLMAN,LUKA",Carleton
107,01:51,Laurentian,"Steal by HANTCHI,KAMIL DIA",6 - 23,,
108,01:50,Laurentian,"Turnover by HANTCHI,KAMIL DIA",6 - 23,,
109,01:48,,,6 - 23,"Steal by LATIFF,WAZIR",Carleton
110,01:42,,,6 - 25,"VREEKEN,CONNOR made layup",Carleton
111,01:42,,,6 - 25,"Assist by WARNHOLTZ,AIDEN",Carleton
112,01:26,Laurentian,"MBIABA,CEDRIC missed 3-pt. jump shot",6 - 25,,
113,01:26,,,6 - 25,"VREEKEN,CONNOR defensive rebound",Carleton
114,01:11,,,6 - 25,"LATIFF,WAZIR missed layup",Carleton
115,01:11,Laurentian,"MBIABA,CEDRIC defensive rebound",6 - 25,,
116,01:02,Laurentian,"LACROIX,CAILLOU missed 3-pt. jump shot",6 - 25,,
117,01:02,Laurentian,"CUDNEY,ETHAN offensive rebound",6 - 25,,
118,00:49,Laurentian,"MBIABA,CEDRIC made layup",8 - 25,,
119,00:49,Laurentian,"Assist by LACROIX,CAILLOU",8 - 25,,
120,00:39,,,8 - 25,"Foul by SAMAHA,GABRAEL",Carleton
121,00:39,Laurentian,"MBIABA,CEDRIC missed free throw",8 - 25,,
122,00:39,,,8 - 25,"MEYER,EVAN defensive rebound",Carleton
123,00:39,,,8 - 25,"BAILEY,ELLIOT enters the game",Carleton
124,00:39,,,8 - 25,"RILEY,BEN enters the game",Carleton
125,00:39,,,8 - 25,"MEYER,EVAN enters the game",Carleton
126,00:39,,,8 - 25,"OKADO,MARJOK enters the game",Carleton
127,00:39,,,8 - 25,"VREEKEN,CONNOR goes to the bench",Carleton
128,00:39,,,8 - 25,"DOLMAN,LUKA goes to the bench",Carleton
129,00:39,,,8 - 25,"LATIFF,WAZIR goes to the bench",Carleton
130,00:39,,,8 - 25,"SAMAHA,GABRAEL goes to the bench",Carleton
131,00:39,Laurentian,"COULIBALY,SALIM enters the game",8 - 25,,
132,00:39,Laurentian,"HANTCHI,KAMIL DIA goes to the bench",8 - 25,,
133,00:38,,,8 - 25,"Foul by BAILEY,ELLIOT",Carleton
134,00:38,Laurentian,"Technical Foul by MBIABA,CEDRIC",8 - 25,,
135,00:38,,,8 - 26,"WARNHOLTZ,AIDEN made free throw",Carleton
136,00:38,Laurentian,"COULIBALY,SALIM missed free throw",8 - 26,,
137,00:38,,,8 - 26,TEAM deadball rebound,Carleton
138,00:38,Laurentian,"COULIBALY,SALIM missed free throw",8 - 26,,
139,00:38,,,8 - 26,TEAM defensive rebound,Carleton
140,00:36,,,8 - 29,"OKADO,MARJOK made 3-pt. jump shot",Carleton
141,00:36,,,8 - 29,"Assist by WARNHOLTZ,AIDEN",Carleton
142,00:23,Laurentian,"Turnover by LACROIX,CAILLOU",8 - 29,,
143,00:23,,,8 - 29,"Steal by BAILEY,ELLIOT",Carleton
144,Quarter 2,Quarter 2,Quarter 2,Quarter 2,Quarter 2,Quarter 2
145,10:00,,,8 - 29,"RILEY,BEN enters the game",Carleton
146,10:00,,,8 - 29,"MEYER,EVAN enters the game",Carleton
147,10:00,,,8 - 29,"OKADO,MARJOK enters the game",Carleton
148,10:00,,,8 - 29,"SERAPH,REGINALD JEAN goes to the bench",Carleton
149,10:00,,,8 - 29,"LATIFF,WAZIR goes to the bench",Carleton
150,10:00,,,8 - 29,"SHEPHARD,GRANT goes to the bench",Carleton
151,10:00,Laurentian,"MBIABA,CEDRIC enters the game",8 - 29,,
152,10:00,Laurentian,"CUDNEY,ETHAN enters the game",8 - 29,,
153,10:00,Laurentian,"HASSAN,ABDULMAJID goes to the bench",8 - 29,,
154,10:00,Laurentian,"SCOTT,COBAN goes to the bench",8 - 29,,
155,09:45,Laurentian,"MBIABA,CEDRIC missed layup",8 - 29,,
156,09:45,,,8 - 29,"VREEKEN,CONNOR defensive rebound",Carleton
157,09:23,,,8 - 29,"MEYER,EVAN missed layup",Carleton
158,09:23,Laurentian,"KATCHUNGA,JORDAN defensive rebound",8 - 29,,
159,09:10,Laurentian,"LACROIX,CAILLOU made jump shot",10 - 29,,
160,08:50,,,10 - 29,"Turnover by WARNHOLTZ,AIDEN",Carleton
161,08:47,Laurentian,"HASSAN,ABDULMAJID enters the game",10 - 29,,
162,08:47,Laurentian,"KATCHUNGA,JORDAN goes to the bench",10 - 29,,
163,08:23,Laurentian,"CUDNEY,ETHAN missed 3-pt. jump shot",10 - 29,,
164,08:23,,,10 - 29,"VREEKEN,CONNOR defensive rebound",Carleton
165,08:15,,,10 - 29,"Foul by RILEY,BEN",Carleton
166,08:15,Laurentian,"LACROIX,CAILLOU missed free throw",10 - 29,,
167,08:15,,,10 - 29,TEAM deadball rebound,Carleton
168,08:15,Laurentian,"LACROIX,CAILLOU missed free throw",10 - 29,,
169,08:15,,,10 - 29,TEAM deadball rebound,Carleton
170,08:15,,,10 - 32,"BAILEY,ELLIOT made 3-pt. jump shot",Carleton
171,08:15,,,10 - 32,"Assist by WARNHOLTZ,AIDEN",Carleton
172,08:15,Laurentian,"MBIABA,CEDRIC missed layup",10 - 32,,
173,08:15,Laurentian,"MBIABA,CEDRIC offensive rebound",10 - 32,,
174,08:15,,,10 - 32,"Foul by WARNHOLTZ,AIDEN",Carleton
175,08:15,,,10 - 32,"BAILEY,ELLIOT enters the game",Carleton
176,08:15,,,10 - 32,"LATIFF,WAZIR enters the game",Carleton
177,08:15,,,10 - 32,"SHEPHARD,GRANT enters the game",Carleton
178,08:15,,,10 - 32,"RILEY,BEN goes to the bench",Carleton
179,08:15,,,10 - 32,"OKADO,MARJOK goes to the bench",Carleton
180,08:15,,,10 - 32,"MEYER,EVAN goes to the bench",Carleton
181,08:15,Laurentian,"SCOTT,COBAN enters the game",10 - 32,,
182,08:15,Laurentian,"CUDNEY,ETHAN goes to the bench",10 - 32,,
183,08:12,Laurentian,"MBIABA,CEDRIC missed layup",10 - 32,,
184,08:12,,,10 - 32,"WARNHOLTZ,AIDEN defensive rebound",Carleton
185,08:02,,,10 - 32,"WARNHOLTZ,AIDEN missed jump shot",Carleton
186,08:02,Laurentian,TEAM deadball rebound,10 - 32,,
187,07:52,Laurentian,"KATCHUNGA,JORDAN enters the game",10 - 32,,
188,07:52,Laurentian,"MBIABA,CEDRIC goes to the bench",10 - 32,,
189,07:40,,,10 - 34,"BAILEY,ELLIOT made layup",Carleton
190,07:40,,,10 - 34,"Assist by LATIFF,WAZIR",Carleton
191,07:40,Laurentian,"LACROIX,CAILLOU made 3-pt. jump shot",13 - 34,,
192,07:40,Laurentian,"Assist by KATCHUNGA,JORDAN",13 - 34,,
193,07:40,,,13 - 36,"SHEPHARD,GRANT made layup",Carleton
194,07:40,,,13 - 36,"Assist by LATIFF,WAZIR",Carleton
195,07:40,Laurentian,"Foul by COULIBALY,SALIM",13 - 36,,
196,07:40,,,13 - 36,"SHEPHARD,GRANT missed free throw",Carleton
197,07:40,Laurentian,"KATCHUNGA,JORDAN defensive rebound",13 - 36,,
198,07:40,Laurentian,"CUDNEY,ETHAN missed 3-pt. jump shot",13 - 36,,
199,07:40,,,13 - 36,"SHEPHARD,GRANT defensive rebound",Carleton
200,07:40,,,13 - 36,"WARNHOLTZ,AIDEN missed layup",Carleton
201,07:40,,,13 - 36,"SHEPHARD,GRANT offensive rebound",Carleton
202,07:40,,,13 - 36,"LATIFF,WAZIR missed 3-pt. jump shot",Carleton
203,07:40,Laurentian,TEAM deadball rebound,13 - 36,,
204,07:40,Laurentian,"Foul by LACROIX,CAILLOU",13 - 36,,
205,07:40,,,13 - 36,"SERAPH,REGINALD JEAN enters the game",Carleton
206,07:40,,,13 - 36,"VREEKEN,CONNOR goes to the bench",Carleton
207,07:40,Laurentian,"MBIABA,CEDRIC enters the game",13 - 36,,
208,07:40,Laurentian,"CUDNEY,ETHAN enters the game",13 - 36,,
209,07:40,Laurentian,"HASSAN,ABDULMAJID goes to the bench",13 - 36,,
210,07:40,Laurentian,"COULIBALY,SALIM goes to the bench",13 - 36,,
211,07:26,,,13 - 36,"Turnover by LATIFF,WAZIR",Carleton
212,07:23,Laurentian,"Steal by MBIABA,CEDRIC",13 - 36,,
213,07:17,Laurentian,"LACROIX,CAILLOU missed 3-pt. jump shot",13 - 36,,
214,07:17,,,13 - 36,"SHEPHARD,GRANT defensive rebound",Carleton
215,07:02,,,13 - 36,"SERAPH,REGINALD JEAN missed jump shot",Carleton
216,07:02,,,13 - 36,"SHEPHARD,GRANT offensive rebound",Carleton
217,06:54,Laurentian,"Foul by LACROIX,CAILLOU",13 - 36,,
218,06:54,,,13 - 36,"OKADO,MARJOK enters the game",Carleton
219,06:54,,,13 - 36,"SAMAHA,GABRAEL enters the game",Carleton
220,06:54,,,13 - 36,"VREEKEN,CONNOR enters the game",Carleton
221,06:54,,,13 - 36,"RILEY,BEN enters the game",Carleton
222,06:54,,,13 - 36,"SERAPH,REGINALD JEAN goes to the bench",Carleton
223,06:54,,,13 - 36,"BAILEY,ELLIOT goes to the bench",Carleton
224,06:54,,,13 - 36,"LATIFF,WAZIR goes to the bench",Carleton
225,06:54,,,13 - 36,"SHEPHARD,GRANT goes to the bench",Carleton
226,06:51,,,13 - 36,"OKADO,MARJOK missed 3-pt. jump shot",Carleton
227,06:51,,,13 - 36,"OKADO,MARJOK offensive rebound",Carleton
228,06:44,,,13 - 36,"Turnover by OKADO,MARJOK",Carleton
229,06:13,Laurentian,"KATCHUNGA,JORDAN missed layup",13 - 36,,
230,06:13,,,13 - 36,"WARNHOLTZ,AIDEN defensive rebound",Carleton
231,06:01,,,13 - 36,"Foul by OKADO,MARJOK",Carleton
232,05:37,Laurentian,"MBIABA,CEDRIC missed 3-pt. jump shot",13 - 36,,
233,05:37,,,13 - 36,"RILEY,BEN defensive rebound",Carleton
234,05:26,Laurentian,"Foul by MBIABA,CEDRIC",13 - 36,,
235,05:12,,,13 - 38,"SAMAHA,GABRAEL made layup",Carleton
236,05:12,,,13 - 38,"Assist by WARNHOLTZ,AIDEN",Carleton
237,05:09,Laurentian,"Foul by MBIABA,CEDRIC",13 - 38,,
238,05:09,,,13 - 39,"SAMAHA,GABRAEL made free throw",Carleton
239,05:02,,,13 - 39,"Foul by SAMAHA,GABRAEL",Carleton
240,05:02,Laurentian,"SCOTT,COBAN made free throw",14 - 39,,
241,05:02,Laurentian,"SCOTT,COBAN made free throw",15 - 39,,
242,05:02,,,15 - 39,"SHEPHARD,GRANT enters the game",Carleton
243,05:02,,,15 - 39,"SERAPH,REGINALD JEAN enters the game",Carleton
244,05:02,,,15 - 39,"SAMAHA,GABRAEL goes to the bench",Carleton
245,05:02,,,15 - 39,"RILEY,BEN goes to the bench",Carleton
246,05:02,Laurentian,"HASSAN,ABDULMAJID enters the game",15 - 39,,
247,05:02,Laurentian,"CUDNEY,ETHAN goes to the bench",15 - 39,,
248,04:44,,,15 - 39,"Foul by OKADO,MARJOK",Carleton
249,04:08,,,15 - 39,"Foul by WARNHOLTZ,AIDEN",Carleton
250,04:08,Laurentian,"LACROIX,CAILLOU made free throw",16 - 39,,
251,04:08,Laurentian,"LACROIX,CAILLOU missed free throw",16 - 39,,
252,04:08,Laurentian,TEAM offensive rebound,16 - 39,,
253,04:08,Laurentian,"LACROIX,CAILLOU made layup",18 - 39,,
254,04:08,Laurentian,Assist by TEAM,18 - 39,,
255,04:08,Laurentian,"LACROIX,CAILLOU missed free throw",18 - 39,,
256,04:08,,,18 - 39,TEAM deadball rebound,Carleton
257,04:08,,,18 - 39,"SHEPHARD,GRANT missed free throw",Carleton
258,04:08,Laurentian,TEAM deadball rebound,18 - 39,,
259,04:08,,,18 - 39,"SHEPHARD,GRANT missed free throw",Carleton
260,04:08,Laurentian,"SCOTT,COBAN defensive rebound",18 - 39,,
261,04:08,Laurentian,"SCOTT,COBAN made 3-pt. jump shot",21 - 39,,
262,04:08,Laurentian,"Assist by KATCHUNGA,JORDAN",21 - 39,,
263,04:08,,,21 - 39,"BAILEY,ELLIOT enters the game",Carleton
264,04:08,,,21 - 39,"LATIFF,WAZIR enters the game",Carleton
265,04:08,,,21 - 39,"KNIGHT,JACOB enters the game",Carleton
266,04:08,,,21 - 39,"VREEKEN,CONNOR goes to the bench",Carleton
267,04:08,,,21 - 39,"WARNHOLTZ,AIDEN goes to the bench",Carleton
268,04:08,,,21 - 39,"OKADO,MARJOK goes to the bench",Carleton
269,04:08,Laurentian,"COULIBALY,SALIM enters the game",21 - 39,,
270,04:08,Laurentian,"MBIABA,CEDRIC goes to the bench",21 - 39,,
271,03:58,,,21 - 39,"Turnover by BAILEY,ELLIOT",Carleton
272,03:54,Laurentian,"Steal by HASSAN,ABDULMAJID",21 - 39,,
273,03:50,Laurentian,"LACROIX,CAILLOU made layup",23 - 39,,
274,03:50,Laurentian,"Assist by HASSAN,ABDULMAJID",23 - 39,,
275,03:46,,,23 - 39,FULL TIMEOUT by Carleton,Carleton
276,03:30,,,23 - 39,"Turnover by KNIGHT,JACOB",Carleton
277,03:11,,,23 - 39,"Foul by SERAPH,REGINALD JEAN",Carleton
278,03:11,Laurentian,"LACROIX,CAILLOU made free throw",24 - 39,,
279,03:11,Laurentian,"LACROIX,CAILLOU made free throw",25 - 39,,
280,03:11,,,25 - 39,"Turnover by RILEY,BEN",Carleton
281,03:11,Laurentian,"Steal by HASSAN,ABDULMAJID",25 - 39,,
282,03:11,Laurentian,"HASSAN,ABDULMAJID made 3-pt. jump shot",28 - 39,,
283,03:11,,,28 - 39,"LATIFF,WAZIR missed layup",Carleton
284,03:11,Laurentian,"SCOTT,COBAN defensive rebound",28 - 39,,
285,03:11,,,28 - 39,"Foul by SHEPHARD,GRANT",Carleton
286,03:11,Laurentian,"SCOTT,COBAN made free throw",29 - 39,,
287,03:11,Laurentian,"SCOTT,COBAN missed free throw",29 - 39,,
288,03:11,,,29 - 39,"SHEPHARD,GRANT defensive rebound",Carleton
289,03:11,,,29 - 39,"LATIFF,WAZIR missed 3-pt. jump shot",Carleton
290,03:11,Laurentian,"COULIBALY,SALIM defensive rebound",29 - 39,,
291,03:11,Laurentian,"SCOTT,COBAN missed 3-pt. jump shot",29 - 39,,
292,03:11,,,29 - 39,"WARNHOLTZ,AIDEN defensive rebound",Carleton
293,03:11,,,29 - 39,"WARNHOLTZ,AIDEN enters the game",Carleton
294,03:11,,,29 - 39,"RILEY,BEN enters the game",Carleton
295,03:11,,,29 - 39,"OKADO,MARJOK enters the game",Carleton
296,03:11,,,29 - 39,"OKADO,MARJOK goes to the bench",Carleton
297,03:11,,,29 - 39,"SERAPH,REGINALD JEAN goes to the bench",Carleton
298,03:11,,,29 - 39,"KNIGHT,JACOB goes to the bench",Carleton
299,03:03,Laurentian,"Foul by HASSAN,ABDULMAJID",29 - 39,,
300,03:03,,,29 - 39,"BAILEY,ELLIOT missed free throw",Carleton
301,03:03,Laurentian,TEAM deadball rebound,29 - 39,,
302,03:03,,,29 - 40,"BAILEY,ELLIOT made free throw",Carleton
303,02:47,Laurentian,"SCOTT,COBAN missed 3-pt. jump shot",29 - 40,,
304,02:47,Laurentian,"COULIBALY,SALIM offensive rebound",29 - 40,,
305,02:38,Laurentian,"COULIBALY,SALIM missed layup",29 - 40,,
306,02:38,,,29 - 40,"WARNHOLTZ,AIDEN defensive rebound",Carleton
307,02:32,,,29 - 40,"Turnover by WARNHOLTZ,AIDEN",Carleton
308,02:13,Laurentian,"Turnover by KATCHUNGA,JORDAN",29 - 40,,
309,02:11,,,29 - 40,"Steal by LATIFF,WAZIR",Carleton
310,02:04,,,29 - 42,"BAILEY,ELLIOT made layup",Carleton
311,02:04,,,29 - 42,"Assist by WARNHOLTZ,AIDEN",Carleton
312,01:52,Laurentian,"Turnover by SCOTT,COBAN",29 - 42,,
313,01:50,,,29 - 42,"Steal by BAILEY,ELLIOT",Carleton
314,01:31,Laurentian,"Foul by COULIBALY,SALIM",29 - 42,,
315,01:31,,,29 - 43,"SHEPHARD,GRANT made free throw",Carleton
316,01:31,,,29 - 44,"SHEPHARD,GRANT made free throw",Carleton
317,01:31,,,29 - 44,"OKADO,MARJOK enters the game",Carleton
318,01:31,,,29 - 44,"SAMAHA,GABRAEL enters the game",Carleton
319,01:31,,,29 - 44,"WARNHOLTZ,AIDEN goes to the bench",Carleton
320,01:31,,,29 - 44,"SHEPHARD,GRANT goes to the bench",Carleton
321,01:19,Laurentian,"SCOTT,COBAN missed 3-pt. jump shot",29 - 44,,
322,01:19,Laurentian,"COULIBALY,SALIM offensive rebound",29 - 44,,
323,01:09,,,29 - 44,"Foul by OKADO,MARJOK",Carleton
324,01:09,Laurentian,"COULIBALY,SALIM made free throw",30 - 44,,
325,01:09,Laurentian,"COULIBALY,SALIM made free throw",31 - 44,,
326,01:09,,,31 - 44,"MEYER,EVAN enters the game",Carleton
327,01:09,,,31 - 44,"SAMAHA,GABRAEL goes to the bench",Carleton
328,00:47,,,31 - 44,"Foul by LATIFF,WAZIR",Carleton
329,00:05,Laurentian,"Turnover by LACROIX,CAILLOU",31 - 44,,
330,00:05,,,31 - 44,FULL TIMEOUT by Carleton,Carleton
331,00:01,,,31 - 44,"LATIFF,WAZIR missed 3-pt. jump shot",Carleton
332,00:01,Laurentian,"LACROIX,CAILLOU defensive rebound",31 - 44,,
333,Quarter 3,Quarter 3,Quarter 3,Quarter 3,Quarter 3,Quarter 3
334,10:00,Laurentian,"FORBES,SHAMAR enters the game",31 - 44,,
335,10:00,Laurentian,"LACROIX,CAILLOU goes to the bench",31 - 44,,
336,09:54,,,31 - 44,"VREEKEN,CONNOR missed 3-pt. jump shot",Carleton
337,09:54,Laurentian,"LACROIX,CAILLOU defensive rebound",31 - 44,,
338,09:33,Laurentian,"LACROIX,CAILLOU enters the game",31 - 44,,
339,09:33,Laurentian,"FORBES,SHAMAR goes to the bench",31 - 44,,
340,09:31,Laurentian,"KATCHUNGA,JORDAN made jump shot",33 - 44,,
341,09:31,Laurentian,"Assist by LACROIX,CAILLOU",33 - 44,,
342,09:24,,,33 - 47,"WARNHOLTZ,AIDEN made 3-pt. jump shot",Carleton
343,09:24,,,33 - 47,"Assist by LATIFF,WAZIR",Carleton
344,09:02,,,33 - 47,"Foul by VREEKEN,CONNOR",Carleton
345,09:02,Laurentian,"LACROIX,CAILLOU missed free throw",33 - 47,,
346,09:02,,,33 - 47,TEAM deadball rebound,Carleton
347,09:02,Laurentian,"LACROIX,CAILLOU made free throw",34 - 47,,
348,08:55,,,34 - 47,"SERAPH,REGINALD JEAN missed 3-pt. jump shot",Carleton
349,08:55,Laurentian,"SCOTT,COBAN defensive rebound",34 - 47,,
350,08:34,Laurentian,"KATCHUNGA,JORDAN missed 3-pt. jump shot",34 - 47,,
351,08:34,,,34 - 47,"SHEPHARD,GRANT defensive rebound",Carleton
352,08:23,,,34 - 47,"VREEKEN,CONNOR missed layup",Carleton
353,08:23,,,34 - 47,"SHEPHARD,GRANT offensive rebound",Carleton
354,08:13,Laurentian,TEAM deadball rebound,34 - 47,,
355,08:13,Laurentian,"Foul by LACROIX,CAILLOU",34 - 47,,
356,08:13,,,34 - 47,"SHEPHARD,GRANT missed free throw",Carleton
357,08:13,Laurentian,TEAM deadball rebound,34 - 47,,
358,08:13,,,34 - 48,"SHEPHARD,GRANT made free throw",Carleton
359,08:13,Laurentian,"COULIBALY,SALIM missed jump shot",34 - 48,,
360,08:13,,,34 - 48,"VREEKEN,CONNOR defensive rebound",Carleton
361,08:13,Laurentian,"Foul by SCOTT,COBAN",34 - 48,,
362,08:13,,,34 - 48,"WARNHOLTZ,AIDEN missed free throw",Carleton
363,08:13,,,34 - 49,"WARNHOLTZ,AIDEN made free throw",Carleton
364,08:13,,,34 - 49,"OKADO,MARJOK enters the game",Carleton
365,08:13,,,34 - 49,"BAILEY,ELLIOT enters the game",Carleton
366,08:13,,,34 - 49,"VREEKEN,CONNOR goes to the bench",Carleton
367,08:13,,,34 - 49,"SERAPH,REGINALD JEAN goes to the bench",Carleton
368,07:57,Laurentian,"Turnover by HASSAN,ABDULMAJID",34 - 49,,
369,07:51,,,34 - 49,"SHEPHARD,GRANT missed layup",Carleton
370,07:51,Laurentian,"LACROIX,CAILLOU defensive rebound",34 - 49,,
371,07:49,Laurentian,"SCOTT,COBAN missed 3-pt. jump shot",34 - 49,,
372,07:49,,,34 - 49,TEAM deadball rebound,Carleton
373,07:23,,,34 - 49,"LATIFF,WAZIR missed 3-pt. jump shot",Carleton
374,07:23,Laurentian,TEAM deadball rebound,34 - 49,,
375,07:06,,,34 - 49,"SAMAHA,GABRAEL enters the game",Carleton
376,07:06,,,34 - 49,"SHEPHARD,GRANT goes to the bench",Carleton
377,06:38,,,34 - 49,"Foul by OKADO,MARJOK",Carleton
378,06:34,Laurentian,"LACROIX,CAILLOU missed 3-pt. jump shot",34 - 49,,
379,06:34,,,34 - 49,"OKADO,MARJOK defensive rebound",Carleton
380,06:25,Laurentian,"Foul by HASSAN,ABDULMAJID",34 - 49,,
381,06:25,,,34 - 49,"LATIFF,WAZIR missed layup",Carleton
382,06:25,Laurentian,"Block by COULIBALY,SALIM",34 - 49,,
383,06:25,Laurentian,"COULIBALY,SALIM defensive rebound",34 - 49,,
384,06:25,Laurentian,"SCOTT,COBAN made 3-pt. jump shot",37 - 49,,
385,06:25,Laurentian,"Assist by KATCHUNGA,JORDAN",37 - 49,,
386,06:25,,,37 - 49,"LATIFF,WAZIR missed 3-pt. jump shot",Carleton
387,06:25,,,37 - 49,"OKADO,MARJOK offensive rebound",Carleton
388,06:25,,,37 - 49,"Turnover by OKADO,MARJOK",Carleton
389,06:25,Laurentian,"SCOTT,COBAN missed jump shot",37 - 49,,
390,06:25,,,37 - 49,"OKADO,MARJOK defensive rebound",Carleton
391,06:25,,,37 - 49,"Foul by OKADO,MARJOK",Carleton
392,06:25,Laurentian,"LACROIX,CAILLOU missed 3-pt. jump shot",37 - 49,,
393,06:25,Laurentian,"COULIBALY,SALIM offensive rebound",37 - 49,,
394,06:25,Laurentian,"COULIBALY,SALIM missed layup",37 - 49,,
395,06:25,Laurentian,"SCOTT,COBAN offensive rebound",37 - 49,,
396,06:25,Laurentian,"COULIBALY,SALIM made layup",39 - 49,,
397,06:25,Laurentian,"Assist by SCOTT,COBAN",39 - 49,,
398,06:25,Laurentian,"Foul by LACROIX,CAILLOU",39 - 49,,
399,06:25,,,39 - 50,"SHEPHARD,GRANT made free throw",Carleton
400,06:25,,,39 - 51,"SHEPHARD,GRANT made free throw",Carleton
401,06:25,Laurentian,"KATCHUNGA,JORDAN missed layup",39 - 51,,
402,06:25,,,39 - 51,"LATIFF,WAZIR defensive rebound",Carleton
403,06:25,,,39 - 51,"LATIFF,WAZIR missed layup",Carleton
404,06:25,,,39 - 51,"VREEKEN,CONNOR offensive rebound",Carleton
405,06:25,,,39 - 51,"SAMAHA,GABRAEL missed layup",Carleton
406,06:25,Laurentian,"COULIBALY,SALIM defensive rebound",39 - 51,,
407,06:25,,,39 - 51,"SAMAHA,GABRAEL enters the game",Carleton
408,06:25,,,39 - 51,"LATIFF,WAZIR enters the game",Carleton
409,06:25,,,39 - 51,"SERAPH,REGINALD JEAN enters the game",Carleton
410,06:25,,,39 - 51,"VREEKEN,CONNOR enters the game",Carleton
411,06:25,,,39 - 51,"SERAPH,REGINALD JEAN goes to the bench",Carleton
412,06:25,,,39 - 51,"SAMAHA,GABRAEL goes to the bench",Carleton
413,06:25,,,39 - 51,"OKADO,MARJOK goes to the bench",Carleton
414,06:25,,,39 - 51,"LATIFF,WAZIR goes to the bench",Carleton
415,06:09,Laurentian,"HASSAN,ABDULMAJID made layup",41 - 51,,
416,06:09,Laurentian,"Assist by KATCHUNGA,JORDAN",41 - 51,,
417,05:55,,,41 - 51,"WARNHOLTZ,AIDEN missed layup",Carleton
418,05:55,,,41 - 51,"BAILEY,ELLIOT offensive rebound",Carleton
419,05:50,Laurentian,"Foul by COULIBALY,SALIM",41 - 51,,
420,05:50,Laurentian,Technical Foul by TEAM,41 - 51,,
421,05:49,,,41 - 52,"WARNHOLTZ,AIDEN made free throw",Carleton
422,05:19,,,41 - 52,"BAILEY,ELLIOT missed free throw",Carleton
423,05:19,Laurentian,TEAM deadball rebound,41 - 52,,
424,04:41,Laurentian,30SEC TIMEOUT by Laurentian,41 - 52,,
425,04:41,,,41 - 52,"BAILEY,ELLIOT missed free throw",Carleton
426,04:41,Laurentian,"LACROIX,CAILLOU defensive rebound",41 - 52,,
427,04:37,Laurentian,"CUDNEY,ETHAN enters the game",41 - 52,,
428,04:37,Laurentian,"COULIBALY,SALIM goes to the bench",41 - 52,,
429,04:28,,,41 - 52,"WARNHOLTZ,AIDEN missed 3-pt. jump shot",Carleton
430,04:28,Laurentian,"KATCHUNGA,JORDAN defensive rebound",41 - 52,,
431,04:18,Laurentian,"CUDNEY,ETHAN missed 3-pt. jump shot",41 - 52,,
432,04:18,,,41 - 52,"VREEKEN,CONNOR defensive rebound",Carleton
433,04:09,,,41 - 52,"WARNHOLTZ,AIDEN missed layup",Carleton
434,04:09,Laurentian,TEAM deadball rebound,41 - 52,,
435,03:54,Laurentian,"Foul by SCOTT,COBAN",41 - 52,,
436,03:54,,,41 - 53,"LATIFF,WAZIR made free throw",Carleton
437,03:54,,,41 - 54,"LATIFF,WAZIR made free throw",Carleton
438,03:54,Laurentian,"CUDNEY,ETHAN missed layup",41 - 54,,
439,03:54,,,41 - 54,"SAMAHA,GABRAEL defensive rebound",Carleton
440,03:54,,,41 - 54,Technical Foul by TEAM,Carleton
441,03:54,,,41 - 54,"RILEY,BEN enters the game",Carleton
442,03:54,,,41 - 54,"VREEKEN,CONNOR goes to the bench",Carleton
443,03:49,Laurentian,"HASSAN,ABDULMAJID made free throw",42 - 54,,
444,03:24,,,42 - 54,"WARNHOLTZ,AIDEN missed jump shot",Carleton
445,03:24,Laurentian,"SCOTT,COBAN defensive rebound",42 - 54,,
446,03:12,Laurentian,"LACROIX,CAILLOU made layup",44 - 54,,
447,03:12,Laurentian,"Assist by CUDNEY,ETHAN",44 - 54,,
448,03:00,,,44 - 54,"WARNHOLTZ,AIDEN missed 3-pt. jump shot",Carleton
449,03:00,Laurentian,TEAM deadball rebound,44 - 54,,
450,02:38,Laurentian,"Foul by LACROIX,CAILLOU",44 - 54,,
451,02:38,Laurentian,Technical Foul by TEAM,44 - 54,,
452,00:07,Laurentian,"SUTTON,MATTHEW enters the game",44 - 54,,
453,00:07,Laurentian,"SCOTT,COBAN goes to the bench",44 - 54,,
454,00:07,Laurentian,"LACROIX,CAILLOU goes to the bench",44 - 54,,
455,00:00,,,44 - 55,"SAMAHA,GABRAEL made free throw",Carleton
456,00:00,,,44 - 56,"WARNHOLTZ,AIDEN made free throw",Carleton
457,00:00,Laurentian,"HASSAN,ABDULMAJID made layup",46 - 56,,
458,00:00,Laurentian,"Assist by KATCHUNGA,JORDAN",46 - 56,,
459,00:00,Laurentian,"KATCHUNGA,JORDAN missed layup",46 - 56,,
460,00:00,,,46 - 56,"SHEPHARD,GRANT defensive rebound",Carleton
461,00:00,,,46 - 56,"WARNHOLTZ,AIDEN missed 3-pt. jump shot",Carleton
462,00:00,Laurentian,"CUDNEY,ETHAN defensive rebound",46 - 56,,
463,00:00,,,46 - 56,"BAILEY,ELLIOT missed 3-pt. jump shot",Carleton
464,00:00,Laurentian,"HASSAN,ABDULMAJID defensive rebound",46 - 56,,
465,00:00,,,46 - 56,"BAILEY,ELLIOT missed 3-pt. jump shot",Carleton
466,00:00,Laurentian,"HASSAN,ABDULMAJID defensive rebound",46 - 56,,
467,00:00,,,46 - 56,"Foul by BAILEY,ELLIOT",Carleton
468,00:00,Laurentian,"HASSAN,ABDULMAJID missed free throw",46 - 56,,
469,00:00,,,46 - 56,TEAM deadball rebound,Carleton
470,00:00,Laurentian,"HASSAN,ABDULMAJID made free throw",47 - 56,,
471,00:00,,,47 - 56,"SHEPHARD,GRANT missed layup",Carleton
472,00:00,,,47 - 56,"SHEPHARD,GRANT offensive rebound",Carleton
473,00:00,,,47 - 56,"SHEPHARD,GRANT missed layup",Carleton
474,00:00,Laurentian,TEAM deadball rebound,47 - 56,,
475,00:00,,,47 - 56,"Foul by VREEKEN,CONNOR",Carleton
476,00:00,Laurentian,"SUTTON,MATTHEW missed free throw",47 - 56,,
477,00:00,,,47 - 56,TEAM deadball rebound,Carleton
478,00:00,Laurentian,"SUTTON,MATTHEW made free throw",48 - 56,,
479,00:00,,,48 - 56,"BAILEY,ELLIOT enters the game",Carleton
480,00:00,,,48 - 56,"VREEKEN,CONNOR enters the game",Carleton
481,00:00,,,48 - 56,"SHEPHARD,GRANT enters the game",Carleton
482,00:00,,,48 - 56,"VREEKEN,CONNOR goes to the bench",Carleton
483,00:00,,,48 - 56,"BAILEY,ELLIOT goes to the bench",Carleton
484,00:00,,,48 - 56,"SAMAHA,GABRAEL goes to the bench",Carleton
485,00:00,Laurentian,"SCOTT,COBAN enters the game",48 - 56,,
486,00:00,Laurentian,"COULIBALY,SALIM goes to the bench",48 - 56,,
487,Quarter 4,Quarter 4,Quarter 4,Quarter 4,Quarter 4,Quarter 4
488,10:00,,,48 - 56,"BAILEY,ELLIOT enters the game",Carleton
489,10:00,,,48 - 56,"RILEY,BEN enters the game",Carleton
490,10:00,,,48 - 56,"VREEKEN,CONNOR goes to the bench",Carleton
491,10:00,,,48 - 56,"SERAPH,REGINALD JEAN goes to the bench",Carleton
492,10:00,Laurentian,"CUDNEY,ETHAN enters the game",48 - 56,,
493,10:00,Laurentian,"SUTTON,MATTHEW enters the game",48 - 56,,
494,10:00,Laurentian,"COULIBALY,SALIM goes to the bench",48 - 56,,
495,10:00,Laurentian,"LACROIX,CAILLOU goes to the bench",48 - 56,,
496,09:57,Laurentian,"CUDNEY,ETHAN made jump shot",50 - 56,,
497,09:57,Laurentian,"Assist by KATCHUNGA,JORDAN",50 - 56,,
498,09:37,,,50 - 59,"LATIFF,WAZIR made 3-pt. jump shot",Carleton
499,09:37,,,50 - 59,"Assist by WARNHOLTZ,AIDEN",Carleton
500,09:26,Laurentian,"CUDNEY,ETHAN made 3-pt. jump shot",53 - 59,,
501,09:26,Laurentian,"Assist by KATCHUNGA,JORDAN",53 - 59,,
502,09:14,,,53 - 59,"LATIFF,WAZIR missed layup",Carleton
503,09:14,,,53 - 59,"SHEPHARD,GRANT offensive rebound",Carleton
504,09:14,,,53 - 61,"SHEPHARD,GRANT made layup",Carleton
505,09:14,,,53 - 61,"Assist by BAILEY,ELLIOT",Carleton
506,09:14,Laurentian,"CUDNEY,ETHAN made 3-pt. jump shot",56 - 61,,
507,09:14,Laurentian,"Assist by HASSAN,ABDULMAJID",56 - 61,,
508,09:14,Laurentian,"Foul by CUDNEY,ETHAN",56 - 61,,
509,09:14,,,56 - 62,"SHEPHARD,GRANT made free throw",Carleton
510,09:04,Laurentian,TEAM deadball rebound,56 - 62,,
511,09:04,,,56 - 62,"SHEPHARD,GRANT missed free throw",Carleton
512,08:43,,,56 - 62,"VREEKEN,CONNOR enters the game",Carleton
513,08:43,,,56 - 62,"SHEPHARD,GRANT goes to the bench",Carleton
514,08:24,,,56 - 62,"WARNHOLTZ,AIDEN missed jump shot",Carleton
515,08:24,Laurentian,"Block by KATCHUNGA,JORDAN",56 - 62,,
516,08:24,Laurentian,"KATCHUNGA,JORDAN defensive rebound",56 - 62,,
517,08:10,Laurentian,"Foul by CUDNEY,ETHAN",56 - 62,,
518,08:10,,,56 - 63,"RILEY,BEN made free throw",Carleton
519,08:10,,,56 - 64,"RILEY,BEN made free throw",Carleton
520,08:10,Laurentian,"KATCHUNGA,JORDAN missed layup",56 - 64,,
521,08:10,,,56 - 64,"WARNHOLTZ,AIDEN defensive rebound",Carleton
522,08:06,,,56 - 64,"RILEY,BEN missed layup",Carleton
523,08:06,Laurentian,"Block by KATCHUNGA,JORDAN",56 - 64,,
524,08:06,Laurentian,"KATCHUNGA,JORDAN defensive rebound",56 - 64,,
525,08:06,,,56 - 66,"BAILEY,ELLIOT made layup",Carleton
526,08:06,,,56 - 66,"Assist by WARNHOLTZ,AIDEN",Carleton
527,08:06,,,56 - 66,"Foul by RILEY,BEN",Carleton
528,08:06,Laurentian,"HASSAN,ABDULMAJID missed free throw",56 - 66,,
529,08:06,,,56 - 66,TEAM deadball rebound,Carleton
530,08:06,Laurentian,"HASSAN,ABDULMAJID made free throw",57 - 66,,
531,08:06,,,57 - 66,"Foul by WARNHOLTZ,AIDEN",Carleton
532,07:39,Laurentian,"Foul by CUDNEY,ETHAN",57 - 66,,
533,07:39,,,57 - 66,"SHEPHARD,GRANT missed layup",Carleton
534,07:39,,,57 - 66,"VREEKEN,CONNOR offensive rebound",Carleton
535,07:39,,,57 - 66,"VREEKEN,CONNOR missed layup",Carleton
536,07:39,Laurentian,"CUDNEY,ETHAN defensive rebound",57 - 66,,
537,07:39,Laurentian,"KATCHUNGA,JORDAN made 3-pt. jump shot",60 - 66,,
538,07:39,Laurentian,"Assist by CUDNEY,ETHAN",60 - 66,,
539,07:39,,,60 - 66,"SHEPHARD,GRANT enters the game",Carleton
540,07:39,,,60 - 66,"BAILEY,ELLIOT goes to the bench",Carleton
541,07:32,,,60 - 66,"Turnover by VREEKEN,CONNOR",Carleton
542,07:02,,,60 - 66,"Foul by WARNHOLTZ,AIDEN",Carleton
543,07:02,Laurentian,"SCOTT,COBAN made free throw",61 - 66,,
544,07:02,Laurentian,"SCOTT,COBAN missed free throw",61 - 66,,
545,07:02,,,61 - 66,TEAM deadball rebound,Carleton
546,06:57,,,61 - 68,"SHEPHARD,GRANT made layup",Carleton
547,06:57,,,61 - 68,"Assist by WARNHOLTZ,AIDEN",Carleton
548,06:38,Laurentian,"HASSAN,ABDULMAJID missed layup",61 - 68,,
549,06:38,,,61 - 68,"SHEPHARD,GRANT defensive rebound",Carleton
550,06:27,,,61 - 68,"WARNHOLTZ,AIDEN missed 3-pt. jump shot",Carleton
551,06:27,Laurentian,"KATCHUNGA,JORDAN defensive rebound",61 - 68,,
552,06:07,Laurentian,"SUTTON,MATTHEW missed 3-pt. jump shot",61 - 68,,
553,06:07,,,61 - 68,"WARNHOLTZ,AIDEN defensive rebound",Carleton
554,05:49,,,61 - 70,"BAILEY,ELLIOT made layup",Carleton
555,05:49,,,61 - 70,"Assist by LATIFF,WAZIR",Carleton
556,04:51,,,61 - 70,"BAILEY,ELLIOT enters the game",Carleton
557,04:51,,,61 - 70,"VREEKEN,CONNOR goes to the bench",Carleton
558,03:43,Laurentian,"HASSAN,ABDULMAJID missed layup",61 - 70,,
559,03:43,,,61 - 70,"SHEPHARD,GRANT defensive rebound",Carleton
560,03:36,,,61 - 72,"SHEPHARD,GRANT made layup",Carleton
561,03:36,,,61 - 72,"Assist by LATIFF,WAZIR",Carleton
562,03:36,Laurentian,"SCOTT,COBAN missed 3-pt. jump shot",61 - 72,,
563,03:36,,,61 - 72,"LATIFF,WAZIR defensive rebound",Carleton
564,03:36,,,61 - 72,"Turnover by LATIFF,WAZIR",Carleton
565,03:36,,,61 - 72,"Foul by SHEPHARD,GRANT",Carleton
566,03:36,Laurentian,"KATCHUNGA,JORDAN made free throw",62 - 72,,
567,03:36,Laurentian,"KATCHUNGA,JORDAN made free throw",63 - 72,,
568,03:36,,,63 - 72,"LATIFF,WAZIR missed 3-pt. jump shot",Carleton
569,03:36,,,63 - 72,"BAILEY,ELLIOT offensive rebound",Carleton
570,03:36,Laurentian,"Foul by SUTTON,MATTHEW",63 - 72,,
571,03:36,,,63 - 73,"SHEPHARD,GRANT made free throw",Carleton
572,03:36,,,63 - 73,"SHEPHARD,GRANT missed free throw",Carleton
573,03:36,Laurentian,"CUDNEY,ETHAN defensive rebound",63 - 73,,
574,03:36,,,63 - 73,"VREEKEN,CONNOR enters the game",Carleton
575,03:36,,,63 - 73,"RILEY,BEN goes to the bench",Carleton
576,03:26,Laurentian,"CUDNEY,ETHAN missed 3-pt. jump shot",63 - 73,,
577,03:26,,,63 - 73,"WARNHOLTZ,AIDEN defensive rebound",Carleton
578,03:13,,,63 - 73,"BAILEY,ELLIOT missed jump shot",Carleton
579,03:13,Laurentian,"SUTTON,MATTHEW defensive rebound",63 - 73,,
580,03:02,Laurentian,"Foul by SCOTT,COBAN",63 - 73,,
581,02:44,,,63 - 75,"SHEPHARD,GRANT made layup",Carleton
582,02:44,,,63 - 75,"Assist by WARNHOLTZ,AIDEN",Carleton
583,02:44,,,63 - 75,"Foul by BAILEY,ELLIOT",Carleton
584,02:44,Laurentian,"HASSAN,ABDULMAJID missed free throw",63 - 75,,
585,02:44,,,63 - 75,TEAM deadball rebound,Carleton
586,02:44,Laurentian,"HASSAN,ABDULMAJID made free throw",64 - 75,,
587,02:44,,,64 - 75,"BAILEY,ELLIOT missed layup",Carleton
588,02:44,Laurentian,"CUDNEY,ETHAN defensive rebound",64 - 75,,
589,02:44,Laurentian,"Turnover by SUTTON,MATTHEW",64 - 75,,
590,02:44,,,64 - 75,"Steal by VREEKEN,CONNOR",Carleton
591,02:44,,,64 - 77,"VREEKEN,CONNOR made layup",Carleton
592,02:44,Laurentian,"SUTTON,MATTHEW missed 3-pt. jump shot",64 - 77,,
593,02:44,Laurentian,"KATCHUNGA,JORDAN offensive rebound",64 - 77,,
594,02:44,Laurentian,"Turnover by KATCHUNGA,JORDAN",64 - 77,,
595,02:44,,,64 - 77,"Steal by LATIFF,WAZIR",Carleton
596,02:44,,,64 - 80,"VREEKEN,CONNOR made 3-pt. jump shot",Carleton
597,02:44,,,64 - 80,"Assist by WARNHOLTZ,AIDEN",Carleton
598,02:44,Laurentian,"KATCHUNGA,JORDAN missed 3-pt. jump shot",64 - 80,,
599,02:44,,,64 - 80,"WARNHOLTZ,AIDEN defensive rebound",Carleton
600,02:44,,,64 - 80,"Foul by BAILEY,ELLIOT",Carleton
601,02:44,,,64 - 80,"RILEY,BEN enters the game",Carleton
602,02:44,,,64 - 80,"BAILEY,ELLIOT goes to the bench",Carleton
603,02:39,Laurentian,"HASSAN,ABDULMAJID missed layup",64 - 80,,
604,02:39,,,64 - 80,"SHEPHARD,GRANT defensive rebound",Carleton
605,02:20,,,64 - 80,"WARNHOLTZ,AIDEN missed layup",Carleton
606,02:20,,,64 - 80,"WARNHOLTZ,AIDEN offensive rebound",Carleton
607,02:15,,,64 - 80,"SHEPHARD,GRANT missed layup",Carleton
608,02:15,Laurentian,"CUDNEY,ETHAN defensive rebound",64 - 80,,
609,02:04,Laurentian,"SUTTON,MATTHEW missed 3-pt. jump shot",64 - 80,,
610,02:04,,,64 - 80,"LATIFF,WAZIR defensive rebound",Carleton
