,Time,Home,H-event,Score,V-event,Visitor
0,Quarter 1,Quarter 1,Quarter 1,Quarter 1,Quarter 1,Quarter 1
1,09:51,Queen's,"Foul by KELLY,CONNOR",0 - 0,,
2,09:39,,,0 - 0,"SERAPH,REGINALD JEAN missed 3-pt. jump shot",Carleton
3,09:39,Queen's,TEAM deadball rebound,0 - 0,,
4,09:22,Queen's,"KELVIN,MICHAEL missed 3-pt. jump shot",0 - 0,,
5,09:22,Queen's,"KELVIN,MICHAEL offensive rebound",0 - 0,,
6,09:16,Queen's,"KELLY,CONNOR missed 3-pt. jump shot",0 - 0,,
7,09:16,,,0 - 0,"SHEPHARD,GRANT defensive rebound",Carleton
8,09:05,,,0 - 0,"BAILEY,ELLIOT missed 3-pt. jump shot",Carleton
9,09:05,,,0 - 0,"BAILEY,ELLIOT offensive rebound",Carleton
10,08:57,,,0 - 2,"WARNHOLTZ,AIDEN made jump shot",Carleton
11,08:57,,,0 - 2,"Assist by BAILEY,ELLIOT",Carleton
12,08:47,Queen's,"Foul by SYLLAS,COLE",0 - 2,,
13,08:37,,,0 - 2,"SERAPH,REGINALD JEAN missed 3-pt. jump shot",Carleton
14,08:37,Queen's,"SYLLAS,COLE defensive rebound",0 - 2,,
15,08:30,Queen's,"SYLLAS,COLE missed 3-pt. jump shot",0 - 2,,
16,08:30,,,0 - 2,"SERAPH,REGINALD JEAN defensive rebound",Carleton
17,08:17,,,0 - 4,"WARNHOLTZ,AIDEN made jump shot",Carleton
18,08:17,Queen's,"Foul by KEEFE,CONNOR",0 - 4,,
19,08:17,,,0 - 5,"WARNHOLTZ,AIDEN made free throw",Carleton
20,08:08,,,0 - 7,"OKADO,MARJOK made jump shot",Carleton
21,07:48,,,0 - 7,"WARNHOLTZ,AIDEN missed jump shot",Carleton
22,07:48,,,0 - 7,"SHEPHARD,GRANT offensive rebound",Carleton
23,07:41,,,0 - 9,"SHEPHARD,GRANT made layup",Carleton
24,07:33,Queen's,"SYLLAS,COLE missed 3-pt. jump shot",0 - 9,,
25,07:33,,,0 - 9,"SHEPHARD,GRANT defensive rebound",Carleton
26,07:22,,,0 - 9,"WARNHOLTZ,AIDEN missed layup",Carleton
27,07:22,Queen's,"SYLLAS,COLE defensive rebound",0 - 9,,
28,07:21,,,0 - 9,"Foul by BAILEY,ELLIOT",Carleton
29,07:21,,,0 - 9,"SAMAHA,GABRAEL enters the game",Carleton
30,07:21,,,0 - 9,"RILEY,BEN enters the game",Carleton
31,07:21,,,0 - 9,"SERAPH,REGINALD JEAN goes to the bench",Carleton
32,07:21,,,0 - 9,"SHEPHARD,GRANT goes to the bench",Carleton
33,06:58,,,0 - 9,"Foul by LATIFF,WAZIR",Carleton
34,06:41,Queen's,"SYLLAS,COLE made jump shot",2 - 9,,
35,06:41,Queen's,"Assist by KEEFE,CONNOR",2 - 9,,
36,06:20,,,2 - 9,"SAMAHA,GABRAEL missed layup",Carleton
37,06:20,Queen's,"KEEFE,CONNOR defensive rebound",2 - 9,,
38,06:04,Queen's,"SYLLAS,COLE missed 3-pt. jump shot",2 - 9,,
39,06:04,,,2 - 9,TEAM deadball rebound,Carleton
40,06:01,,,2 - 9,"SHEPHARD,GRANT enters the game",Carleton
41,06:01,,,2 - 9,"MILON,EMANUEL enters the game",Carleton
42,06:01,,,2 - 9,"OKADO,MARJOK enters the game",Carleton
43,06:01,,,2 - 9,"BAILEY,ELLIOT goes to the bench",Carleton
44,06:01,,,2 - 9,"LATIFF,WAZIR goes to the bench",Carleton
45,06:01,,,2 - 9,"SAMAHA,GABRAEL goes to the bench",Carleton
46,06:01,Queen's,"DALEN,KAI enters the game",2 - 9,,
47,06:01,Queen's,"BETT,CAMERON enters the game",2 - 9,,
48,06:01,Queen's,"KEEFE,CONNOR goes to the bench",2 - 9,,
49,06:01,Queen's,"KELLY,CONNOR goes to the bench",2 - 9,,
50,06:00,,,2 - 11,"SHEPHARD,GRANT made jump shot",Carleton
51,05:33,Queen's,"SYLLAS,LUKA made jump shot",4 - 11,,
52,05:26,Queen's,"BETT,CAMERON made jump shot",6 - 11,,
53,05:01,,,6 - 11,"WARNHOLTZ,AIDEN missed jump shot",Carleton
54,05:01,Queen's,"SYLLAS,LUKA defensive rebound",6 - 11,,
55,04:50,Queen's,"BETT,CAMERON missed 3-pt. jump shot",6 - 11,,
56,04:50,,,6 - 11,TEAM deadball rebound,Carleton
57,04:22,,,6 - 11,"LATIFF,WAZIR enters the game",Carleton
58,04:22,,,6 - 11,"SAMAHA,GABRAEL enters the game",Carleton
59,04:22,,,6 - 11,"SERAPH,REGINALD JEAN enters the game",Carleton
60,04:22,,,6 - 11,"WARNHOLTZ,AIDEN goes to the bench",Carleton
61,04:22,,,6 - 11,"SHEPHARD,GRANT goes to the bench",Carleton
62,04:22,,,6 - 11,"RILEY,BEN goes to the bench",Carleton
63,04:13,,,6 - 13,"LATIFF,WAZIR made jump shot",Carleton
64,03:51,Queen's,"Foul by BETT,CAMERON",6 - 13,,
65,03:40,,,6 - 13,"OKADO,MARJOK missed 3-pt. jump shot",Carleton
66,03:40,Queen's,"BETT,CAMERON defensive rebound",6 - 13,,
67,03:28,Queen's,"KELVIN,MICHAEL made 3-pt. jump shot",9 - 13,,
68,03:28,Queen's,"Assist by BETT,CAMERON",9 - 13,,
69,02:59,,,9 - 13,"OKADO,MARJOK missed jump shot",Carleton
70,02:59,Queen's,"BETT,CAMERON defensive rebound",9 - 13,,
71,02:41,Queen's,"SYLLAS,LUKA made jump shot",11 - 13,,
72,02:41,Queen's,"Assist by SYLLAS,COLE",11 - 13,,
73,02:41,,,11 - 13,"Foul by LATIFF,WAZIR",Carleton
74,02:41,,,11 - 13,"WARNHOLTZ,AIDEN enters the game",Carleton
75,02:41,,,11 - 13,"BAILEY,ELLIOT enters the game",Carleton
76,02:41,,,11 - 13,"MILON,EMANUEL goes to the bench",Carleton
77,02:41,,,11 - 13,"LATIFF,WAZIR goes to the bench",Carleton
78,02:40,Queen's,"SYLLAS,LUKA made free throw",12 - 13,,
79,02:29,Queen's,"Turnover by PONTING,LUCAS",12 - 13,,
80,02:29,,,12 - 13,"Steal by RILEY,BEN",Carleton
81,02:21,Queen's,"SYLLAS,COLE made layup",14 - 13,,
82,02:21,Queen's,"Assist by BETT,CAMERON",14 - 13,,
83,02:21,,,14 - 13,"Foul by SERAPH,REGINALD JEAN",Carleton
84,02:21,Queen's,"SYLLAS,COLE missed free throw",14 - 13,,
85,02:21,Queen's,TEAM deadball rebound,14 - 13,,
86,02:21,,,14 - 13,"SHEPHARD,GRANT enters the game",Carleton
87,02:21,,,14 - 13,"SAMAHA,GABRAEL goes to the bench",Carleton
88,02:10,,,14 - 13,"Foul by OKADO,MARJOK",Carleton
89,02:10,Queen's,"BETT,CAMERON made free throw",15 - 13,,
90,02:10,Queen's,"BETT,CAMERON made free throw",16 - 13,,
91,01:54,Queen's,"SYLLAS,LUKA missed layup",16 - 13,,
92,01:54,,,16 - 13,"RILEY,BEN defensive rebound",Carleton
93,01:46,,,16 - 13,"OKADO,MARJOK missed layup",Carleton
94,01:46,Queen's,"KELVIN,MICHAEL defensive rebound",16 - 13,,
95,01:29,Queen's,"Foul by KELVIN,MICHAEL",16 - 13,,
96,01:29,,,16 - 13,"SHEPHARD,GRANT missed free throw",Carleton
97,01:29,Queen's,TEAM deadball rebound,16 - 13,,
98,01:29,,,16 - 14,"SHEPHARD,GRANT made free throw",Carleton
99,01:29,Queen's,"AYON,DAVID enters the game",16 - 14,,
100,01:29,Queen's,"KELVIN,MICHAEL goes to the bench",16 - 14,,
101,01:12,Queen's,"Turnover by BETT,CAMERON",16 - 14,,
102,01:10,,,16 - 14,Steal by TEAM,Carleton
103,01:03,,,16 - 14,"SERAPH,REGINALD JEAN missed layup",Carleton
104,01:03,Queen's,"KEEFE,CONNOR defensive rebound",16 - 14,,
105,00:54,Queen's,"BETT,CAMERON made layup",18 - 14,,
106,00:54,Queen's,"Assist by SYLLAS,LUKA",18 - 14,,
107,00:38,,,18 - 14,"BAILEY,ELLIOT missed 3-pt. jump shot",Carleton
108,00:38,Queen's,"AYON,DAVID deadball rebound",18 - 14,,
109,00:13,Queen's,"SYLLAS,COLE missed layup",18 - 14,,
110,00:13,,,18 - 14,"SHEPHARD,GRANT defensive rebound",Carleton
111,Quarter 2,Quarter 2,Quarter 2,Quarter 2,Quarter 2,Quarter 2
112,10:00,,,18 - 14,"RILEY,BEN enters the game",Carleton
113,10:00,,,18 - 14,"SERAPH,REGINALD JEAN goes to the bench",Carleton
114,09:47,Queen's,"SYLLAS,COLE missed layup",18 - 14,,
115,09:47,Queen's,"AYON,DAVID offensive rebound",18 - 14,,
116,09:46,,,18 - 14,"Foul by BAILEY,ELLIOT",Carleton
117,09:46,,,18 - 14,"MILON,EMANUEL enters the game",Carleton
118,09:46,,,18 - 14,"BAILEY,ELLIOT goes to the bench",Carleton
119,09:18,Queen's,"AYON,DAVID enters the game",18 - 14,,
120,09:18,Queen's,"BETT,CAMERON enters the game",18 - 14,,
121,09:18,Queen's,"KELVIN,MICHAEL goes to the bench",18 - 14,,
122,09:18,Queen's,"KELLY,CONNOR goes to the bench",18 - 14,,
123,09:17,Queen's,"BETT,CAMERON made layup",20 - 14,,
124,09:07,,,20 - 16,"RILEY,BEN made layup",Carleton
125,09:04,Queen's,"BETT,CAMERON made 3-pt. jump shot",23 - 16,,
126,09:04,Queen's,"Assist by SYLLAS,COLE",23 - 16,,
127,08:41,,,23 - 16,"WARNHOLTZ,AIDEN missed layup",Carleton
128,08:41,Queen's,"KEEFE,CONNOR defensive rebound",23 - 16,,
129,08:19,Queen's,"SYLLAS,COLE missed layup",23 - 16,,
130,08:19,Queen's,"KEEFE,CONNOR offensive rebound",23 - 16,,
131,08:15,Queen's,"KEEFE,CONNOR missed layup",23 - 16,,
132,08:15,Queen's,"SYLLAS,COLE offensive rebound",23 - 16,,
133,08:09,Queen's,"SYLLAS,COLE made layup",25 - 16,,
134,08:05,,,25 - 16,"WARNHOLTZ,AIDEN missed 3-pt. jump shot",Carleton
135,08:05,Queen's,"AYON,DAVID defensive rebound",25 - 16,,
136,07:49,Queen's,"AYON,DAVID made 3-pt. jump shot",28 - 16,,
137,07:49,Queen's,"Assist by SYLLAS,COLE",28 - 16,,
138,07:38,,,28 - 16,FULL TIMEOUT by Carleton,Carleton
139,07:38,Queen's,"DALEN,KAI enters the game",28 - 16,,
140,07:38,Queen's,"KEEFE,CONNOR goes to the bench",28 - 16,,
141,07:32,,,28 - 16,"SAMAHA,GABRAEL enters the game",Carleton
142,07:32,,,28 - 16,"SHEPHARD,GRANT goes to the bench",Carleton
143,07:29,,,28 - 18,"WARNHOLTZ,AIDEN made jump shot",Carleton
144,07:25,,,28 - 18,"Assist by LATIFF,WAZIR",Carleton
145,07:10,Queen's,"SYLLAS,COLE missed jump shot",28 - 18,,
146,07:10,Queen's,TEAM offensive rebound,28 - 18,,
147,07:10,,,28 - 18,"Foul by WARNHOLTZ,AIDEN",Carleton
148,07:09,Queen's,"BETT,CAMERON made 3-pt. jump shot",31 - 18,,
149,07:09,Queen's,"Assist by SYLLAS,COLE",31 - 18,,
150,06:46,,,31 - 18,"RILEY,BEN missed 3-pt. jump shot",Carleton
151,06:46,Queen's,TEAM deadball rebound,31 - 18,,
152,06:44,,,31 - 18,"Foul by SAMAHA,GABRAEL",Carleton
153,06:33,Queen's,"BETT,CAMERON missed jump shot",31 - 18,,
154,06:33,,,31 - 18,"SERAPH,REGINALD JEAN defensive rebound",Carleton
155,06:17,,,31 - 20,"SAMAHA,GABRAEL made layup",Carleton
156,06:17,,,31 - 20,"Assist by WARNHOLTZ,AIDEN",Carleton
157,06:01,Queen's,"DALEN,KAI made layup",33 - 20,,
158,06:01,Queen's,"Assist by SYLLAS,COLE",33 - 20,,
159,05:58,,,33 - 20,"Foul by LATIFF,WAZIR",Carleton
160,05:58,Queen's,"DALEN,KAI made free throw",34 - 20,,
161,05:58,,,34 - 20,"OKADO,MARJOK enters the game",Carleton
162,05:58,,,34 - 20,"LATIFF,WAZIR goes to the bench",Carleton
163,05:29,,,34 - 22,"WARNHOLTZ,AIDEN made jump shot",Carleton
164,05:29,,,34 - 22,"Assist by SAMAHA,GABRAEL",Carleton
165,05:20,Queen's,"DALEN,KAI missed layup",34 - 22,,
166,05:20,Queen's,TEAM deadball rebound,34 - 22,,
167,04:58,,,34 - 22,"SERAPH,REGINALD JEAN missed 3-pt. jump shot",Carleton
168,04:58,Queen's,"SYLLAS,COLE defensive rebound",34 - 22,,
169,04:56,Queen's,"BETT,CAMERON missed 3-pt. jump shot",34 - 22,,
170,04:56,,,34 - 22,"WARNHOLTZ,AIDEN defensive rebound",Carleton
171,04:51,,,34 - 24,"RILEY,BEN made dunk",Carleton
172,04:51,,,34 - 24,"Assist by WARNHOLTZ,AIDEN",Carleton
173,04:35,Queen's,"SYLLAS,LUKA made 3-pt. jump shot",37 - 24,,
174,04:35,Queen's,"Assist by SYLLAS,COLE",37 - 24,,
175,04:17,,,37 - 24,"RILEY,BEN missed 3-pt. jump shot",Carleton
176,04:17,Queen's,"SYLLAS,LUKA defensive rebound",37 - 24,,
177,03:52,Queen's,"AYON,DAVID missed jump shot",37 - 24,,
178,03:52,,,37 - 24,"SAMAHA,GABRAEL defensive rebound",Carleton
179,03:47,,,37 - 24,"WARNHOLTZ,AIDEN missed 3-pt. jump shot",Carleton
180,03:47,Queen's,"SYLLAS,COLE defensive rebound",37 - 24,,
181,03:31,Queen's,"SYLLAS,COLE missed layup",37 - 24,,
182,03:31,Queen's,"SYLLAS,COLE offensive rebound",37 - 24,,
183,03:28,Queen's,"SYLLAS,COLE made 3-pt. jump shot",40 - 24,,
184,03:28,Queen's,"Assist by BETT,CAMERON",40 - 24,,
185,03:10,,,40 - 27,"WARNHOLTZ,AIDEN made 3-pt. jump shot",Carleton
186,02:43,Queen's,"BETT,CAMERON missed layup",40 - 27,,
187,02:43,Queen's,"SYLLAS,LUKA offensive rebound",40 - 27,,
188,02:37,Queen's,"SYLLAS,LUKA made layup",42 - 27,,
189,02:35,Queen's,"Foul by DALEN,KAI",42 - 27,,
190,02:35,,,42 - 27,FULL TIMEOUT by Carleton,Carleton
191,02:35,,,42 - 27,"RILEY,BEN missed free throw",Carleton
192,02:35,Queen's,TEAM deadball rebound,42 - 27,,
193,02:35,,,42 - 28,"RILEY,BEN made free throw",Carleton
194,02:35,,,42 - 28,"BAILEY,ELLIOT enters the game",Carleton
195,02:35,,,42 - 28,"SERAPH,REGINALD JEAN enters the game",Carleton
196,02:35,,,42 - 28,"SHEPHARD,GRANT enters the game",Carleton
197,02:35,,,42 - 28,"MILON,EMANUEL goes to the bench",Carleton
198,02:35,,,42 - 28,"RILEY,BEN goes to the bench",Carleton
199,02:35,,,42 - 28,"SAMAHA,GABRAEL goes to the bench",Carleton
200,02:35,Queen's,"SYLLAS,LUKA enters the game",42 - 28,,
201,02:35,Queen's,"JENKINS,SCOTT enters the game",42 - 28,,
202,02:35,Queen's,"KEEFE,CONNOR enters the game",42 - 28,,
203,02:35,Queen's,"KELVIN,MICHAEL enters the game",42 - 28,,
204,02:35,Queen's,"KELLY,CONNOR enters the game",42 - 28,,
205,02:35,Queen's,"BETT,CAMERON goes to the bench",42 - 28,,
206,02:35,Queen's,"SYLLAS,COLE goes to the bench",42 - 28,,
207,02:35,Queen's,"DALEN,KAI goes to the bench",42 - 28,,
208,02:35,Queen's,"AYON,DAVID goes to the bench",42 - 28,,
209,02:35,Queen's,"SYLLAS,LUKA goes to the bench",42 - 28,,
210,02:09,,,42 - 28,"OKADO,MARJOK missed 3-pt. jump shot",Carleton
211,02:09,Queen's,"SYLLAS,LUKA defensive rebound",42 - 28,,
212,02:08,Queen's,"SYLLAS,COLE enters the game",42 - 28,,
213,02:08,Queen's,"JENKINS,SCOTT goes to the bench",42 - 28,,
214,01:48,,,42 - 28,"SHEPHARD,GRANT missed jump shot",Carleton
215,01:48,Queen's,"KEEFE,CONNOR defensive rebound",42 - 28,,
216,01:42,Queen's,"SYLLAS,LUKA made layup",44 - 28,,
217,01:42,Queen's,"Assist by SYLLAS,COLE",44 - 28,,
218,01:12,,,44 - 30,"SHEPHARD,GRANT made jump shot",Carleton
219,01:12,,,44 - 30,"Assist by OKADO,MARJOK",Carleton
220,01:01,Queen's,"KELLY,CONNOR made 3-pt. jump shot",47 - 30,,
221,01:01,Queen's,"Assist by SYLLAS,COLE",47 - 30,,
222,00:31,,,47 - 32,"WARNHOLTZ,AIDEN made jump shot",Carleton
223,00:31,,,47 - 32,"Assist by SHEPHARD,GRANT",Carleton
224,00:05,Queen's,"SYLLAS,COLE missed layup",47 - 32,,
225,00:05,,,47 - 32,"Block by SHEPHARD,GRANT",Carleton
226,00:05,,,47 - 32,"WARNHOLTZ,AIDEN defensive rebound",Carleton
227,Quarter 3,Quarter 3,Quarter 3,Quarter 3,Quarter 3,Quarter 3
228,09:52,Queen's,"SYLLAS,LUKA missed jump shot",47 - 32,,
229,09:52,,,47 - 32,"SERAPH,REGINALD JEAN defensive rebound",Carleton
230,09:43,,,47 - 35,"LATIFF,WAZIR made 3-pt. jump shot",Carleton
231,09:43,,,47 - 35,"Assist by WARNHOLTZ,AIDEN",Carleton
232,09:31,Queen's,"KELVIN,MICHAEL missed 3-pt. jump shot",47 - 35,,
233,09:31,,,47 - 35,"WARNHOLTZ,AIDEN defensive rebound",Carleton
234,09:21,,,47 - 35,"WARNHOLTZ,AIDEN missed layup",Carleton
235,09:21,Queen's,"KELLY,CONNOR defensive rebound",47 - 35,,
236,09:11,Queen's,"SYLLAS,COLE missed 3-pt. jump shot",47 - 35,,
237,09:11,,,47 - 35,"SHEPHARD,GRANT defensive rebound",Carleton
238,08:59,,,47 - 35,"SHEPHARD,GRANT missed layup",Carleton
239,08:59,Queen's,"KELVIN,MICHAEL defensive rebound",47 - 35,,
240,08:36,Queen's,"KELLY,CONNOR missed layup",47 - 35,,
241,08:36,,,47 - 35,TEAM deadball rebound,Carleton
242,08:31,,,47 - 35,"KNIGHT,JACOB enters the game",Carleton
243,08:31,,,47 - 35,"SAMAHA,GABRAEL enters the game",Carleton
244,08:31,,,47 - 35,"LATIFF,WAZIR goes to the bench",Carleton
245,08:31,,,47 - 35,"SHEPHARD,GRANT goes to the bench",Carleton
246,08:00,,,47 - 35,"SERAPH,REGINALD JEAN missed layup",Carleton
247,08:00,Queen's,"Block by KELVIN,MICHAEL",47 - 35,,
248,08:00,Queen's,"KEEFE,CONNOR defensive rebound",47 - 35,,
249,07:51,Queen's,"KEEFE,CONNOR missed jump shot",47 - 35,,
250,07:51,,,47 - 35,"WARNHOLTZ,AIDEN defensive rebound",Carleton
251,07:43,,,47 - 35,"Turnover by WARNHOLTZ,AIDEN",Carleton
252,07:43,Queen's,"Steal by SYLLAS,LUKA",47 - 35,,
253,07:43,,,47 - 35,"Foul by BAILEY,ELLIOT",Carleton
254,07:41,Queen's,"BETT,CAMERON enters the game",47 - 35,,
255,07:41,Queen's,"KELLY,CONNOR goes to the bench",47 - 35,,
256,07:35,Queen's,"KELVIN,MICHAEL made 3-pt. jump shot",50 - 35,,
257,07:35,Queen's,"Assist by SYLLAS,COLE",50 - 35,,
258,07:10,,,50 - 35,"KNIGHT,JACOB missed jump shot",Carleton
259,07:10,Queen's,"KEEFE,CONNOR defensive rebound",50 - 35,,
260,07:06,Queen's,"Turnover by SYLLAS,COLE",50 - 35,,
261,07:05,,,50 - 35,"Steal by WARNHOLTZ,AIDEN",Carleton
262,06:50,,,50 - 35,"Turnover by SAMAHA,GABRAEL",Carleton
263,06:49,Queen's,"Steal by SYLLAS,LUKA",50 - 35,,
264,06:36,Queen's,"Foul by KEEFE,CONNOR",50 - 35,,
265,06:36,,,50 - 35,"MEYER,EVAN enters the game",Carleton
266,06:36,,,50 - 35,"SAMAHA,GABRAEL goes to the bench",Carleton
267,06:36,Queen's,"DALEN,KAI enters the game",50 - 35,,
268,06:36,Queen's,"KEEFE,CONNOR goes to the bench",50 - 35,,
269,06:22,Queen's,"Foul by DALEN,KAI",50 - 35,,
270,06:09,Queen's,"CAMPBELL,SEB missed layup",50 - 35,,
271,06:09,,,50 - 35,"Block by KNIGHT,JACOB",Carleton
272,06:09,Queen's,TEAM deadball rebound,50 - 35,,
273,06:09,Queen's,"KEEFE,CONNOR enters the game",50 - 35,,
274,06:09,Queen's,"DALEN,KAI goes to the bench",50 - 35,,
275,06:07,Queen's,"AULTMAN,BRANDON missed 3-pt. jump shot",50 - 35,,
276,06:07,,,50 - 35,"OKADO,MARJOK defensive rebound",Carleton
277,05:52,Queen's,"BETT,CAMERON made jump shot",52 - 35,,
278,05:52,Queen's,"Assist by SYLLAS,LUKA",52 - 35,,
279,05:33,,,52 - 37,"WARNHOLTZ,AIDEN made layup",Carleton
280,05:24,Queen's,"SYLLAS,COLE made jump shot",54 - 37,,
281,05:12,Queen's,"Foul by BETT,CAMERON",54 - 37,,
282,05:12,Queen's,"AYON,DAVID enters the game",54 - 37,,
283,05:12,Queen's,"KELVIN,MICHAEL goes to the bench",54 - 37,,
284,05:05,,,54 - 37,"RILEY,BEN enters the game",Carleton
285,05:05,,,54 - 37,"SAMAHA,GABRAEL enters the game",Carleton
286,05:05,,,54 - 37,"SHEPHARD,GRANT enters the game",Carleton
287,05:05,,,54 - 37,"SERAPH,REGINALD JEAN goes to the bench",Carleton
288,05:05,,,54 - 37,"BAILEY,ELLIOT goes to the bench",Carleton
289,05:05,,,54 - 37,"MEYER,EVAN goes to the bench",Carleton
290,04:56,,,54 - 37,"KNIGHT,JACOB missed 3-pt. jump shot",Carleton
291,04:56,,,54 - 37,"RILEY,BEN offensive rebound",Carleton
292,04:52,,,54 - 37,"WARNHOLTZ,AIDEN missed 3-pt. jump shot",Carleton
293,04:52,,,54 - 37,"SAMAHA,GABRAEL offensive rebound",Carleton
294,04:49,,,54 - 39,"SAMAHA,GABRAEL made layup",Carleton
295,04:31,,,54 - 39,"Foul by SAMAHA,GABRAEL",Carleton
296,04:25,Queen's,"KEEFE,CONNOR made free throw",55 - 39,,
297,04:25,Queen's,"KEEFE,CONNOR missed free throw",55 - 39,,
298,04:25,,,55 - 39,"RILEY,BEN defensive rebound",Carleton
299,04:25,,,55 - 41,"WARNHOLTZ,AIDEN made layup",Carleton
300,04:14,Queen's,"SYLLAS,COLE missed jump shot",55 - 41,,
301,04:14,,,55 - 41,"SHEPHARD,GRANT defensive rebound",Carleton
302,03:57,,,55 - 41,"RILEY,BEN missed jump shot",Carleton
303,03:57,Queen's,"Block by SYLLAS,COLE",55 - 41,,
304,03:57,Queen's,"BETT,CAMERON defensive rebound",55 - 41,,
305,03:49,Queen's,"SYLLAS,LUKA made layup",57 - 41,,
306,03:17,,,57 - 41,"WARNHOLTZ,AIDEN missed 3-pt. jump shot",Carleton
307,03:17,Queen's,"KEEFE,CONNOR defensive rebound",57 - 41,,
308,03:08,,,57 - 41,"Foul by WARNHOLTZ,AIDEN",Carleton
309,03:08,,,57 - 41,"MEYER,EVAN enters the game",Carleton
310,03:08,,,57 - 41,"SERAPH,REGINALD JEAN enters the game",Carleton
311,03:08,,,57 - 41,"SAMAHA,GABRAEL goes to the bench",Carleton
312,03:08,,,57 - 41,"RILEY,BEN goes to the bench",Carleton
313,02:43,Queen's,"AYON,DAVID missed jump shot",57 - 41,,
314,02:43,Queen's,"SYLLAS,LUKA offensive rebound",57 - 41,,
315,02:38,Queen's,"SYLLAS,COLE made jump shot",59 - 41,,
316,02:38,Queen's,"Assist by SYLLAS,LUKA",59 - 41,,
317,02:24,,,59 - 43,"WARNHOLTZ,AIDEN made jump shot",Carleton
318,02:08,Queen's,"SYLLAS,LUKA made 3-pt. jump shot",62 - 43,,
319,02:08,Queen's,"Assist by SYLLAS,COLE",62 - 43,,
320,01:55,,,62 - 43,"Turnover by WARNHOLTZ,AIDEN",Carleton
321,01:45,Queen's,"SYLLAS,COLE missed layup",62 - 43,,
322,01:45,,,62 - 43,"KNIGHT,JACOB defensive rebound",Carleton
323,01:37,,,62 - 43,"Turnover by KNIGHT,JACOB",Carleton
324,01:36,Queen's,"Steal by KEEFE,CONNOR",62 - 43,,
325,01:32,Queen's,"Turnover by SYLLAS,LUKA",62 - 43,,
326,01:32,,,62 - 43,"BAILEY,ELLIOT enters the game",Carleton
327,01:32,,,62 - 43,"OKADO,MARJOK enters the game",Carleton
328,01:32,,,62 - 43,"SHEPHARD,GRANT goes to the bench",Carleton
329,01:32,,,62 - 43,"KNIGHT,JACOB goes to the bench",Carleton
330,01:13,,,62 - 43,"MEYER,EVAN missed jump shot",Carleton
331,01:13,Queen's,"KEEFE,CONNOR defensive rebound",62 - 43,,
332,01:05,Queen's,"BETT,CAMERON missed 3-pt. jump shot",62 - 43,,
333,01:05,,,62 - 43,"WARNHOLTZ,AIDEN defensive rebound",Carleton
334,00:30,,,62 - 43,"BAILEY,ELLIOT missed 3-pt. jump shot",Carleton
335,00:30,Queen's,"AYON,DAVID defensive rebound",62 - 43,,
336,00:03,Queen's,"BETT,CAMERON missed jump shot",62 - 43,,
337,00:03,,,62 - 43,"SERAPH,REGINALD JEAN defensive rebound",Carleton
338,00:00,,,62 - 43,"SERAPH,REGINALD JEAN missed 3-pt. jump shot",Carleton
339,00:00,Queen's,TEAM deadball rebound,62 - 43,,
340,Quarter 4,Quarter 4,Quarter 4,Quarter 4,Quarter 4,Quarter 4
341,10:00,Queen's,"AYON,DAVID enters the game",62 - 43,,
342,10:00,Queen's,"BETT,CAMERON enters the game",62 - 43,,
343,10:00,Queen's,"KELVIN,MICHAEL goes to the bench",62 - 43,,
344,10:00,Queen's,"KELLY,CONNOR goes to the bench",62 - 43,,
345,09:54,,,62 - 43,"OKADO,MARJOK enters the game",Carleton
346,09:54,,,62 - 43,"SAMAHA,GABRAEL enters the game",Carleton
347,09:54,,,62 - 43,"SERAPH,REGINALD JEAN goes to the bench",Carleton
348,09:54,,,62 - 43,"BAILEY,ELLIOT goes to the bench",Carleton
349,09:43,,,62 - 46,"LATIFF,WAZIR made 3-pt. jump shot",Carleton
350,09:26,Queen's,"SYLLAS,COLE missed layup",62 - 46,,
351,09:26,,,62 - 46,"SAMAHA,GABRAEL defensive rebound",Carleton
352,09:19,,,62 - 46,"WARNHOLTZ,AIDEN missed 3-pt. jump shot",Carleton
353,09:19,,,62 - 46,"SAMAHA,GABRAEL offensive rebound",Carleton
354,09:09,,,62 - 46,"OKADO,MARJOK missed 3-pt. jump shot",Carleton
355,09:09,Queen's,"SYLLAS,LUKA defensive rebound",62 - 46,,
356,08:49,Queen's,"Turnover by BETT,CAMERON",62 - 46,,
357,08:22,,,62 - 48,"SAMAHA,GABRAEL made layup",Carleton
358,08:22,,,62 - 48,"Assist by WARNHOLTZ,AIDEN",Carleton
359,07:51,,,62 - 48,"Foul by WARNHOLTZ,AIDEN",Carleton
360,07:51,Queen's,"AYON,DAVID missed free throw",62 - 48,,
361,07:51,Queen's,TEAM deadball rebound,62 - 48,,
362,07:51,Queen's,"AYON,DAVID made free throw",63 - 48,,
363,07:42,Queen's,"NOWAK,ADRIAN missed 3-pt. jump shot",63 - 48,,
364,07:42,,,63 - 48,"RILEY,BEN defensive rebound",Carleton
365,07:12,Queen's,"SYLLAS,COLE missed layup",63 - 48,,
366,07:12,,,63 - 48,"SAMAHA,GABRAEL defensive rebound",Carleton
367,06:59,,,63 - 51,"LATIFF,WAZIR made 3-pt. jump shot",Carleton
368,06:59,,,63 - 51,"Assist by SHEPHARD,GRANT",Carleton
369,06:40,Queen's,"AYON,DAVID missed 3-pt. jump shot",63 - 51,,
370,06:40,Queen's,"AYON,DAVID offensive rebound",63 - 51,,
371,06:29,Queen's,"BETT,CAMERON missed layup",63 - 51,,
372,06:29,,,63 - 51,"SHEPHARD,GRANT defensive rebound",Carleton
373,06:17,Queen's,"KELVIN,MICHAEL enters the game",63 - 51,,
374,06:17,Queen's,"AYON,DAVID goes to the bench",63 - 51,,
375,06:14,,,63 - 53,"WARNHOLTZ,AIDEN made jump shot",Carleton
376,06:13,,,63 - 53,"RILEY,BEN enters the game",Carleton
377,06:13,,,63 - 53,"OKADO,MARJOK goes to the bench",Carleton
378,06:12,Queen's,"BETT,CAMERON made 3-pt. jump shot",66 - 53,,
379,06:12,Queen's,"Assist by SYLLAS,COLE",66 - 53,,
380,06:02,,,66 - 53,"LATIFF,WAZIR missed layup",Carleton
381,06:02,Queen's,"Block by KELVIN,MICHAEL",66 - 53,,
382,06:02,,,66 - 53,TEAM deadball rebound,Carleton
383,05:52,,,66 - 53,"SHEPHARD,GRANT missed layup",Carleton
384,05:52,Queen's,"KEEFE,CONNOR defensive rebound",66 - 53,,
385,05:39,Queen's,"KELVIN,MICHAEL missed 3-pt. jump shot",66 - 53,,
386,05:39,,,66 - 53,"SAMAHA,GABRAEL defensive rebound",Carleton
387,05:27,,,66 - 53,"Turnover by WARNHOLTZ,AIDEN",Carleton
388,05:27,Queen's,"Steal by KEEFE,CONNOR",66 - 53,,
389,05:13,Queen's,"BETT,CAMERON missed 3-pt. jump shot",66 - 53,,
390,05:13,,,66 - 53,"SHEPHARD,GRANT defensive rebound",Carleton
391,04:54,Queen's,"Foul by KELVIN,MICHAEL",66 - 53,,
392,04:54,,,66 - 54,"RILEY,BEN made free throw",Carleton
393,04:54,,,66 - 56,"RILEY,BEN made layup",Carleton
394,04:54,Queen's,"BETT,CAMERON missed jump shot",66 - 56,,
395,04:54,,,66 - 56,"SHEPHARD,GRANT defensive rebound",Carleton
396,04:54,,,66 - 56,"Turnover by WARNHOLTZ,AIDEN",Carleton
397,04:54,Queen's,"Steal by SYLLAS,LUKA",66 - 56,,
398,04:54,Queen's,"SYLLAS,LUKA made dunk",68 - 56,,
399,04:54,,,68 - 56,"LATIFF,WAZIR missed 3-pt. jump shot",Carleton
400,04:54,Queen's,TEAM deadball rebound,68 - 56,,
401,04:39,Queen's,"Foul by SYLLAS,COLE",68 - 56,,
402,04:39,,,68 - 56,FULL TIMEOUT by Carleton,Carleton
403,04:33,,,68 - 56,"WARNHOLTZ,AIDEN missed jump shot",Carleton
404,04:33,,,68 - 56,"SAMAHA,GABRAEL offensive rebound",Carleton
405,04:29,,,68 - 58,"SAMAHA,GABRAEL made layup",Carleton
406,04:18,Queen's,"SYLLAS,LUKA missed jump shot",68 - 58,,
407,04:18,,,68 - 58,"SAMAHA,GABRAEL defensive rebound",Carleton
408,04:11,,,68 - 58,"Turnover by WARNHOLTZ,AIDEN",Carleton
409,04:10,Queen's,"Steal by SYLLAS,COLE",68 - 58,,
410,04:07,Queen's,"Turnover by SYLLAS,COLE",68 - 58,,
411,03:41,,,68 - 58,"SHEPHARD,GRANT missed layup",Carleton
412,03:41,Queen's,"SYLLAS,COLE defensive rebound",68 - 58,,
413,03:27,Queen's,"BETT,CAMERON made 3-pt. jump shot",71 - 58,,
414,03:27,Queen's,"Assist by KELVIN,MICHAEL",71 - 58,,
415,03:07,Queen's,"Foul by KELVIN,MICHAEL",71 - 58,,
416,03:07,,,71 - 59,"SHEPHARD,GRANT made free throw",Carleton
417,03:07,,,71 - 60,"SHEPHARD,GRANT made free throw",Carleton
418,03:07,,,71 - 60,"SERAPH,REGINALD JEAN enters the game",Carleton
419,03:07,,,71 - 60,"SHEPHARD,GRANT goes to the bench",Carleton
420,02:58,Queen's,"BETT,CAMERON missed 3-pt. jump shot",71 - 60,,
421,02:58,,,71 - 60,"SAMAHA,GABRAEL defensive rebound",Carleton
422,02:58,,,71 - 60,"SAMAHA,GABRAEL missed layup",Carleton
423,02:58,Queen's,"KELVIN,MICHAEL defensive rebound",71 - 60,,
424,02:55,,,71 - 60,"Foul by SERAPH,REGINALD JEAN",Carleton
425,02:51,,,71 - 60,"SHEPHARD,GRANT enters the game",Carleton
426,02:51,,,71 - 60,"SAMAHA,GABRAEL goes to the bench",Carleton
427,01:40,Queen's,"KEEFE,CONNOR made dunk",73 - 60,,
428,01:29,,,73 - 60,"WARNHOLTZ,AIDEN missed jump shot",Carleton
429,01:29,Queen's,TEAM deadball rebound,73 - 60,,
430,01:22,,,73 - 62,"LATIFF,WAZIR made layup",Carleton
431,01:22,,,73 - 62,"SAMAHA,GABRAEL enters the game",Carleton
432,01:22,,,73 - 62,"SHEPHARD,GRANT goes to the bench",Carleton
433,00:55,,,73 - 62,"SERAPH,REGINALD JEAN missed 3-pt. jump shot",Carleton
434,00:55,Queen's,"SYLLAS,LUKA defensive rebound",73 - 62,,
435,00:31,Queen's,"SYLLAS,LUKA missed jump shot",73 - 62,,
436,00:31,,,73 - 62,"SAMAHA,GABRAEL defensive rebound",Carleton
437,00:25,,,73 - 62,"Foul by WARNHOLTZ,AIDEN",Carleton
438,00:25,Queen's,"KELLY,CONNOR enters the game",73 - 62,,
439,00:25,Queen's,"SYLLAS,LUKA goes to the bench",73 - 62,,
440,00:06,Queen's,"KELVIN,MICHAEL made 3-pt. jump shot",76 - 62,,
441,00:06,Queen's,"Assist by SYLLAS,COLE",76 - 62,,
